source,type,prix,surface,prix_m2,nb_pieces,localisation
century21,Appartement,550000.0,54.0,10185.19,3,75018
century21,Appartement,436000.0,85.0,5129.41,2,75012
century21,Appartement,530000.0,32.0,16562.5,3,75020
century21,Appartement,149000.0,15.0,9933.33,1,75018
century21,Appartement,279000.0,80.0,3487.5,2,75012
century21,Appartement,435000.0,40.0,10875.0,2,75009
century21,Appartement,197000.0,16.0,12312.5,1,75018
century21,Appartement,495000.0,56.0,8839.29,1,75006
century21,Appartement,490000.0,44.0,11136.36,2,75018
century21,Appartement,268900.0,43.0,6253.49,2,75019
century21,Appartement,460000.0,33.0,13939.39,3,75019
century21,Appartement,527500.0,47.0,11223.4,3,75015
century21,Appartement,416000.0,80.0,5200.0,2,75014
century21,Appartement,160000.0,50.0,3200.0,1,75001
century21,Appartement,390000.0,20.0,19500.0,1,75006
century21,Chambre,89000.0,34.0,2617.65,1,75007
century21,Appartement,438000.0,25.0,17520.0,1,75006
century21,Appartement,1290000.0,87.0,14827.59,3,75006
century21,Appartement,145000.0,50.0,2900.0,1,75009
century21,Appartement,1295000.0,102.0,12696.08,4,75018
century21,Appartement,450000.0,47.0,9574.47,2,75018
century21,Appartement,199000.0,47.0,4234.04,1,75018
century21,Appartement,380000.0,38.0,10000.0,2,75019
century21,Appartement,464000.0,39.0,11897.44,2,75011
century21,Appartement,430000.0,36.0,11944.44,2,75011
century21,Appartement,215000.0,53.0,4056.6,2,75020
century21,Appartement,180000.0,66.0,2727.27,1,75007
century21,Appartement,890000.0,85.0,10470.59,4,75012
century21,Appartement,340000.0,96.0,3541.67,2,75012
century21,Appartement,530000.0,30.0,17666.67,3,75009
century21,Appartement,155000.0,16.0,9687.5,1,75009
century21,Appartement,1150000.0,102.0,11274.51,5,75009
century21,Appartement,205000.0,75.0,2733.33,1,75008
century21,Appartement,663000.0,36.0,18416.67,3,75006
century21,Appartement,799500.0,55.0,14536.36,4,75015
century21,Appartement,873000.0,96.0,9093.75,4,75015
century21,Appartement,600000.0,78.0,7692.31,2,75015
century21,Appartement,380000.0,44.0,8636.36,2,75011
century21,Appartement,400000.0,50.0,8000.0,2,75014
century21,Appartement,1460000.0,95.0,15368.42,5,75006
century21,Appartement,1460000.0,95.0,15368.42,5,75014
century21,Appartement,635000.0,63.0,10079.37,2,75016
century21,Appartement,310000.0,10.0,31000.0,1,75014
century21,Appartement,320000.0,82.0,3902.44,2,75014
century21,Appartement,430000.0,68.0,6323.53,2,75015
century21,Appartement,463000.0,44.0,10522.73,2,75018
century21,Appartement,452000.0,44.0,10272.73,2,75018
century21,Appartement,329000.0,80.0,4112.5,2,75018
century21,Appartement,192600.0,84.0,2292.86,2,75018
century21,Appartement,466000.0,56.0,8321.43,3,75018
century21,Appartement,199000.0,20.0,9950.0,1,75018
century21,Appartement,256800.0,50.0,5136.0,3,75018
century21,Appartement,270000.0,52.0,5192.31,2,75005
century21,Appartement,735000.0,91.0,8076.92,4,75011
century21,Appartement,181000.0,14.0,12928.57,1,75011
century21,Appartement,820000.0,85.0,9647.06,4,75020
century21,Appartement,325000.0,24.0,13541.67,1,75012
century21,Appartement,840000.0,57.0,14736.84,3,75015
century21,Appartement,1199000.0,40.0,29975.0,5,75009
century21,Appartement,1089000.0,110.0,9900.0,5,75016
century21,Appartement,476000.0,16.0,29750.0,2,75016
century21,Appartement,265000.0,9.0,29444.44,1,75006
century21,Appartement,275000.0,51.0,5392.16,2,75017
century21,Appartement,745000.0,24.0,31041.67,3,75011
century21,Appartement,505000.0,50.0,10100.0,2,75020
century21,Appartement,289000.0,25.0,11560.0,2,75019
century21,Appartement,385000.0,69.0,5579.71,2,75011
century21,Appartement,430000.0,40.0,10750.0,2,75011
century21,Appartement,850000.0,79.0,10759.49,3,75011
century21,Appartement,450000.0,26.0,17307.69,2,75017
century21,Appartement,586000.0,17.0,34470.59,2,75010
century21,Appartement,450000.0,66.0,6818.18,3,75013
century21,Appartement,460000.0,66.0,6969.7,4,75013
century21,Appartement,525000.0,30.0,17500.0,2,75015
century21,Appartement,475000.0,45.0,10555.56,2,75004
century21,Appartement,449000.0,35.0,12828.57,3,75004
century21,Appartement,1095000.0,43.0,25465.12,4,75004
century21,Appartement,349000.0,64.0,5453.12,1,75004
century21,Appartement,210000.0,59.0,3559.32,2,75018
century21,Appartement,170000.0,78.0,2179.49,1,75020
century21,Appartement,500000.0,40.0,12500.0,3,75013
century21,Appartement,525000.0,79.0,6645.57,2,75015
century21,Appartement,560000.0,26.0,21538.46,3,75015
century21,Appartement,443000.0,77.0,5753.25,3,75015
century21,Appartement,555000.0,29.0,19137.93,3,75015
century21,Appartement,159000.0,67.0,2373.13,1,75015
century21,Appartement,349000.0,85.0,4105.88,2,75015
century21,Appartement,350000.0,39.0,8974.36,2,75019
century21,Appartement,135000.0,16.0,8437.5,1,75015
century21,Appartement,338000.0,67.0,5044.78,1,75015
century21,Appartement,350000.0,67.0,5223.88,1,75015
century21,Appartement,410000.0,39.0,10512.82,2,75015
century21,Appartement,620000.0,58.0,10689.66,3,75015
century21,Appartement,695000.0,38.0,18289.47,3,75015
century21,Appartement,1590000.0,142.0,11197.18,6,75020
century21,Appartement,386500.0,54.0,7157.41,3,75020
century21,Appartement,490000.0,60.0,8166.67,3,75020
century21,Appartement,218000.0,21.0,10380.95,1,75012
century21,Appartement,420000.0,44.0,9545.45,2,75012
century21,Appartement,410000.0,43.0,9534.88,1,75012
century21,Appartement,535000.0,54.0,9907.41,2,75019
century21,Appartement,230000.0,26.0,8846.15,1,75010
century21,Appartement,390000.0,93.0,4193.55,3,75012
century21,Appartement,196100.0,20.0,9805.0,1,75012
century21,Appartement,1670000.0,150.0,11133.33,6,75012
century21,Appartement,294000.0,64.0,4593.75,2,75016
century21,Maison,1450000.0,51.0,28431.37,6,75016
century21,Appartement,525000.0,40.0,13125.0,2,75003
century21,Appartement,790000.0,30.0,26333.33,3,75003
century21,Appartement,228000.0,20.0,11400.0,1,75004
century21,Appartement,585000.0,36.0,16250.0,2,75008
century21,Appartement,475000.0,47.0,10106.38,2,75008
century21,Appartement,1090000.0,81.0,13456.79,5,75005
century21,Appartement,385000.0,84.0,4583.33,2,75017
century21,Appartement,495000.0,84.0,5892.86,2,75008
century21,Appartement,565000.0,56.0,10089.29,2,75008
century21,Appartement,455000.0,50.0,9100.0,1,75008
century21,Appartement,455000.0,62.0,7338.71,1,75008
century21,Appartement,549000.0,50.0,10980.0,2,75008
century21,Appartement,2475000.0,154.0,16071.43,5,75008
century21,Appartement,1350000.0,125.0,10800.0,5,75008
century21,Appartement,545000.0,95.0,5736.84,3,75015
century21,Appartement,385000.0,75.0,5133.33,3,75015
century21,Appartement,288000.0,50.0,5760.0,2,75018
century21,Appartement,236400.0,40.0,5910.0,2,75017
century21,Appartement,210000.0,76.0,2763.16,1,75017
century21,Appartement,235000.0,73.0,3219.18,1,75017
century21,Appartement,567000.0,71.0,7985.92,2,75015
century21,Appartement,225000.0,22.0,10227.27,1,75001
century21,Appartement,1500000.0,36.0,41666.67,4,75007
century21,Appartement,735000.0,63.0,11666.67,2,75016
century21,Appartement,645000.0,47.0,13723.4,3,75007
century21,Appartement,240000.0,26.0,9230.77,1,75018
century21,Appartement,472000.0,94.0,5021.28,2,75016
century21,Appartement,399000.0,57.0,7000.0,2,75015
century21,Appartement,785000.0,45.0,17444.44,4,75015
century21,Appartement,798350.0,66.0,12096.21,4,75015
century21,Appartement,675000.0,66.0,10227.27,3,75017
century21,Appartement,560000.0,90.0,6222.22,3,75014
century21,Appartement,145000.0,27.0,5370.37,1,75013
century21,Appartement,357000.0,67.0,5328.36,1,75015
century21,Appartement,515000.0,55.0,9363.64,3,75018
century21,Appartement,780000.0,54.0,14444.44,3,75013
century21,Appartement,405000.0,31.0,13064.52,2,75013
century21,Appartement,350000.0,71.0,4929.58,2,75013
century21,Appartement,655000.0,40.0,16375.0,3,75013
century21,Appartement,81000.0,9.0,9000.0,1,75010
century21,Appartement,545000.0,58.0,9396.55,3,75011
century21,Appartement,554900.0,54.0,10275.93,3,75012
century21,Appartement,230000.0,26.0,8846.15,1,75010
century21,Appartement,1060000.0,54.0,19629.63,5,75011
century21,Appartement,152000.0,27.0,5629.63,1,75005
century21,Appartement,344540.0,35.0,9844.0,1,75010
century21,Appartement,248000.0,19.0,13052.63,1,75003
century21,Appartement,405000.0,97.0,4175.26,2,75010
century21,Appartement,890000.0,38.0,23421.05,4,75019
century21,Appartement,480000.0,31.0,15483.87,2,75013
century21,Appartement,315000.0,98.0,3214.29,2,75015
century21,Appartement,670000.0,65.0,10307.69,3,75015
century21,Appartement,225000.0,81.0,2777.78,2,75020
century21,Appartement,526000.0,73.0,7205.48,3,75020
century21,Appartement,399000.0,46.0,8673.91,2,75020
century21,Appartement,866000.0,71.0,12197.18,3,75015
century21,Appartement,285000.0,55.0,5181.82,2,75015
century21,Appartement,315000.0,20.0,15750.0,2,75019
century21,Appartement,530000.0,70.0,7571.43,4,75015
century21,Appartement,520000.0,46.0,11304.35,2,75015
century21,Appartement,1045000.0,110.0,9500.0,5,75015
century21,Appartement,110000.0,33.0,3333.33,1,75015
century21,Appartement,629000.0,26.0,24192.31,3,75015
century21,Appartement,430000.0,42.0,10238.1,2,75015
century21,Appartement,840000.0,98.0,8571.43,4,75020
century21,Appartement,495000.0,51.0,9705.88,2,75020
century21,Appartement,149900.0,54.0,2775.93,1,75020
century21,Appartement,415000.0,66.0,6287.88,2,75012
century21,Appartement,409500.0,20.0,20475.0,2,75012
century21,Appartement,395000.0,42.0,9404.76,2,75012
century21,Appartement,643000.0,58.0,11086.21,3,75019
century21,Appartement,489000.0,52.0,9403.85,3,75015
century21,Appartement,442000.0,48.0,9208.33,3,75016
century21,Appartement,873000.0,52.0,16788.46,5,75016
century21,Appartement,294000.0,63.0,4666.67,1,75016
century21,Appartement,649000.0,64.0,10140.62,3,75003
century21,Appartement,750000.0,72.0,10416.67,3,75004
century21,Appartement,441000.0,48.0,9187.5,2,75015
century21,Appartement,328000.0,65.0,5046.15,1,75015
century21,Appartement,1150000.0,58.0,19827.59,4,75015
century21,Appartement,840000.0,48.0,17500.0,4,75015
century21,Appartement,599000.0,68.0,8808.82,3,75015
century21,Appartement,585000.0,73.0,8013.7,3,75017
century21,Appartement,325000.0,30.0,10833.33,1,75017
century21,Appartement,216000.0,16.0,13500.0,1,75017
century21,Appartement,525000.0,98.0,5357.14,4,75015
century21,Appartement,350000.0,80.0,4375.0,2,75015
century21,Appartement,555000.0,29.0,19137.93,3,75014
century21,Appartement,995000.0,60.0,16583.33,3,75006
century21,Appartement,750000.0,80.0,9375.0,4,75018
century21,Appartement,415000.0,51.0,8137.25,3,75018
century21,Appartement,319000.0,52.0,6134.62,2,75010
century21,Appartement,679000.0,25.0,27160.0,2,75014
century21,Appartement,750000.0,44.0,17045.45,3,75016
century21,Appartement,315000.0,83.0,3795.18,2,75015
century21,Appartement,329000.0,42.0,7833.33,3,75015
century21,Appartement,645000.0,57.0,11315.79,2,75007
century21,Appartement,1360000.0,126.0,10793.65,3,75006
century21,Appartement,199000.0,21.0,9476.19,1,75005
century21,Appartement,1649000.0,43.0,38348.84,5,75006
century21,Appartement,2250000.0,131.0,17175.57,5,75006
century21,Appartement,370000.0,53.0,6981.13,1,75005
century21,Appartement,187000.0,17.0,11000.0,1,75014
century21,Appartement,230000.0,11.0,20909.09,1,75015
century21,Appartement,710000.0,80.0,8875.0,4,75014
century21,Appartement,570000.0,62.0,9193.55,2,75015
century21,Appartement,349000.0,47.0,7425.53,3,75018
century21,Appartement,480000.0,60.0,8000.0,3,75018
century21,Appartement,399000.0,68.0,5867.65,2,75013
century21,Appartement,737000.0,61.0,12081.97,3,75013
century21,Appartement,948000.0,99.0,9575.76,4,75013
century21,Appartement,375000.0,12.0,31250.0,1,75011
century21,Appartement,330000.0,25.0,13200.0,1,75002
century21,Appartement,556500.0,54.0,10305.56,3,75020
century21,Appartement,787000.0,89.0,8842.7,4,75020
century21,Appartement,630000.0,71.0,8873.24,4,75012
century21,Appartement,825000.0,74.0,11148.65,4,75016
century21,Appartement,634000.0,53.0,11962.26,2,75012
century21,Appartement,615000.0,87.0,7068.97,4,75019
century21,Appartement,450000.0,30.0,15000.0,3,75019
century21,Appartement,249000.0,39.0,6384.62,2,75019
century21,Appartement,430000.0,74.0,5810.81,3,75010
century21,Appartement,375000.0,90.0,4166.67,2,75010
century21,Appartement,320000.0,66.0,4848.48,2,75019
century21,Appartement,332000.0,35.0,9485.71,2,75020
century21,Appartement,189000.0,20.0,9450.0,1,75020
century21,Appartement,559000.0,48.0,11645.83,3,75011
century21,Appartement,315000.0,60.0,5250.0,2,75011
century21,Appartement,240000.0,25.0,9600.0,1,75011
century21,Appartement,230000.0,60.0,3833.33,2,75013
century21,Appartement,413000.0,40.0,10325.0,2,75015
century21,Appartement,533000.0,42.0,12690.48,3,75015
century21,Appartement,407000.0,20.0,20350.0,2,75015
century21,Appartement,162000.0,60.0,2700.0,1,75017
century21,Appartement,330000.0,43.0,7674.42,1,75015
century21,Appartement,490000.0,74.0,6621.62,2,75015
century21,Appartement,525000.0,50.0,10500.0,2,75003
century21,Appartement,195000.0,70.0,2785.71,1,75015
century21,Appartement,699000.0,33.0,21181.82,3,75015
century21,Appartement,189000.0,57.0,3315.79,1,75020
century21,Appartement,245000.0,29.0,8448.28,2,75020
century21,Appartement,229000.0,30.0,7633.33,1,75020
century21,Appartement,595000.0,69.0,8623.19,4,75020
century21,Appartement,780000.0,25.0,31200.0,3,75010
century21,Appartement,349900.0,33.0,10603.03,2,75012
century21,Appartement,1040000.0,102.0,10196.08,4,75016
century21,Appartement,700000.0,74.0,9459.46,3,75016
century21,Appartement,549000.0,62.0,8854.84,2,75016
century21,Appartement,890000.0,50.0,17800.0,4,75016
century21,Appartement,650000.0,75.0,8666.67,2,75016
century21,Appartement,534000.0,40.0,13350.0,2,75003
century21,Appartement,365000.0,15.0,24333.33,1,75003
century21,Appartement,1280000.0,113.0,11327.43,5,75016
century21,Appartement,1890000.0,96.0,19687.5,5,75008
century21,Appartement,339000.0,40.0,8475.0,2,75015
century21,Appartement,420000.0,32.0,13125.0,2,75015
century21,Appartement,460000.0,61.0,7540.98,3,75018
century21,Appartement,330000.0,33.0,10000.0,2,75017
century21,Appartement,549000.0,31.0,17709.68,3,75017
century21,Appartement,137000.0,53.0,2584.91,1,75017
century21,Appartement,559000.0,48.0,11645.83,3,75017
century21,Appartement,899000.0,87.0,10333.33,3,75017
century21,Appartement,695000.0,65.0,10692.31,4,75017
century21,Appartement,445000.0,81.0,5493.83,3,75015
century21,Appartement,305000.0,76.0,4013.16,1,75015
century21,Appartement,623000.0,25.0,24920.0,3,75012
century21,Appartement,875000.0,43.0,20348.84,4,75015
century21,Appartement,235000.0,53.0,4433.96,1,75015
century21,Appartement,375000.0,27.0,13888.89,1,75005
century21,Appartement,1100000.0,100.0,11000.0,3,75006
century21,Appartement,730000.0,62.0,11774.19,4,75018
century21,Appartement,245000.0,11.0,22272.73,1,75018
century21,Appartement,735000.0,77.0,9545.45,4,75018
century21,Appartement,725000.0,52.0,13942.31,3,75016
century21,Appartement,160000.0,46.0,3478.26,1,75012
century21,Appartement,645000.0,50.0,12900.0,3,75012
century21,Appartement,149000.0,10.0,14900.0,1,75017
century21,Appartement,895000.0,80.0,11187.5,4,75009
century21,Appartement,780000.0,50.0,15600.0,3,75008
century21,Appartement,270000.0,90.0,3000.0,2,75014
century21,Appartement,988000.0,57.0,17333.33,3,75006
century21,Appartement,577000.0,87.0,6632.18,2,75006
century21,Chambre,160000.0,20.0,8000.0,1,75006
century21,Appartement,1730000.0,122.0,14180.33,4,75006
century21,Appartement,330000.0,78.0,4230.77,2,75006
century21,Appartement,587000.0,57.0,10298.25,2,75006
century21,Appartement,561500.0,22.0,25522.73,2,75007
century21,Appartement,840000.0,61.0,13770.49,3,75007
century21,Appartement,390000.0,98.0,3979.59,2,75014
century21,Appartement,309000.0,70.0,4414.29,1,75014
century21,Appartement,875000.0,55.0,15909.09,2,75006
century21,Appartement,450000.0,82.0,5487.8,2,75006
century21,Appartement,315000.0,61.0,5163.93,1,75015
century21,Appartement,320000.0,18.0,17777.78,2,75013
century21,Appartement,750000.0,97.0,7731.96,4,75013
century21,Appartement,515000.0,67.0,7686.57,3,75016
century21,Appartement,198000.0,74.0,2675.68,1,75020
century21,Appartement,670000.0,63.0,10634.92,3,75005
century21,Appartement,332000.0,87.0,3816.09,2,75011
century21,Appartement,550000.0,41.0,13414.63,4,75019
century21,Appartement,440000.0,45.0,9777.78,2,75003
century21,Appartement,450000.0,48.0,9375.0,3,75013
century21,Appartement,565000.0,49.0,11530.61,2,75014
century21,Appartement,310000.0,38.0,8157.89,2,75013
century21,Appartement,685000.0,75.0,9133.33,3,75013
century21,Appartement,364000.0,76.0,4789.47,2,75010
century21,Appartement,350000.0,50.0,7000.0,2,75010
century21,Appartement,749000.0,86.0,8709.3,2,75004
century21,Appartement,158000.0,17.0,9294.12,1,75020
century21,Appartement,335000.0,36.0,9305.56,1,75020
century21,Appartement,194000.0,29.0,6689.66,1,75013
century21,Appartement,240000.0,28.0,8571.43,1,75013
century21,Appartement,134750.0,20.0,6737.5,1,75015
century21,Appartement,170000.0,20.0,8500.0,1,75015
century21,Appartement,345000.0,81.0,4259.26,2,75017
century21,Appartement,215000.0,20.0,10750.0,1,75015
century21,Appartement,345000.0,66.0,5227.27,2,75015
century21,Appartement,380000.0,41.0,9268.29,2,75020
century21,Appartement,599000.0,45.0,13311.11,2,75012
century21,Appartement,255000.0,40.0,6375.0,1,75011
century21,Appartement,135000.0,49.0,2755.1,1,75011
century21,Appartement,180000.0,19.0,9473.68,1,75011
century21,Appartement,264000.0,51.0,5176.47,1,75012
century21,Appartement,155000.0,14.0,11071.43,1,75012
century21,Appartement,750000.0,85.0,8823.53,3,75019
century21,Appartement,579000.0,54.0,10722.22,2,75019
century21,Appartement,213000.0,58.0,3672.41,1,75014
century21,Appartement,546000.0,69.0,7913.04,3,75016
century21,Appartement,408000.0,45.0,9066.67,2,75016
century21,Appartement,849000.0,74.0,11472.97,4,75015
century21,Appartement,730000.0,54.0,13518.52,3,75006
century21,Appartement,265000.0,70.0,3785.71,1,75006
century21,Appartement,1450000.0,106.0,13679.25,5,75006
century21,Appartement,350000.0,54.0,6481.48,1,75005
century21,Appartement,348000.0,24.0,14500.0,1,75006
century21,Appartement,146000.0,10.0,14600.0,1,75018
century21,Appartement,450000.0,24.0,18750.0,2,75012
century21,Appartement,339000.0,41.0,8268.29,2,75015
century21,Appartement,175000.0,24.0,7291.67,1,75018
century21,Appartement,128950.0,40.0,3223.75,1,75018
century21,Appartement,107750.0,50.0,2155.0,1,75018
century21,Appartement,546000.0,20.0,27300.0,2,75012
century21,Appartement,320000.0,16.0,20000.0,2,75017
century21,Appartement,450000.0,47.0,9574.47,3,75013
century21,Appartement,950000.0,104.0,9134.62,5,75013
century21,Appartement,1250000.0,130.0,9615.38,7,75013
century21,Appartement,395000.0,29.0,13620.69,2,75020
century21,Appartement,499000.0,63.0,7920.63,3,75015
century21,Appartement,249000.0,25.0,9960.0,1,75015
century21,Appartement,575000.0,43.0,13372.09,3,75017
century21,Appartement,1667000.0,83.0,20084.34,5,75018
century21,Appartement,425000.0,53.0,8018.87,3,75018
century21,Appartement,560000.0,33.0,16969.7,2,75009
century21,Appartement,1788000.0,157.0,11388.54,6,75014
century21,Appartement,710000.0,61.0,11639.34,2,75014
century21,Appartement,227500.0,27.0,8425.93,2,75018
century21,Appartement,728000.0,28.0,26000.0,3,75009
century21,Appartement,376000.0,84.0,4476.19,2,75015
century21,Appartement,420000.0,44.0,9545.45,2,75014
century21,Appartement,750000.0,60.0,12500.0,4,75014
century21,Appartement,650000.0,52.0,12500.0,4,75014
century21,Appartement,690000.0,49.0,14081.63,4,75014
century21,Appartement,1649000.0,76.0,21697.37,4,75016
century21,Appartement,499000.0,27.0,18481.48,3,75020
century21,Appartement,700000.0,46.0,15217.39,3,75015
century21,Appartement,680000.0,44.0,15454.55,3,75015
century21,Appartement,299000.0,39.0,7666.67,3,75018
century21,Appartement,420000.0,25.0,16800.0,2,75018
century21,Appartement,428000.0,82.0,5219.51,2,75011
century21,Appartement,305000.0,75.0,4066.67,1,75012
century21,Appartement,450000.0,48.0,9375.0,3,75013
century21,Appartement,884000.0,44.0,20090.91,3,75003
century21,Appartement,459000.0,52.0,8826.92,2,75020
century21,Appartement,794500.0,68.0,11683.82,3,75020
century21,Maison,794500.0,68.0,11683.82,3,75020
century21,Appartement,272000.0,54.0,5037.04,1,75011
century21,Appartement,400000.0,43.0,9302.33,2,75015
century21,Appartement,260000.0,73.0,3561.64,1,75013
century21,Appartement,790000.0,70.0,11285.71,3,75013
century21,Appartement,990000.0,103.0,9611.65,5,75011
century21,Appartement,1295000.0,117.0,11068.38,4,75015
century21,Appartement,376000.0,15.0,25066.67,1,75015
century21,Appartement,690000.0,28.0,24642.86,3,75019
century21,Appartement,110000.0,30.0,3666.67,1,75010
century21,Appartement,450000.0,55.0,8181.82,3,75010
century21,Appartement,879000.0,93.0,9451.61,5,75012
century21,Appartement,630000.0,38.0,16578.95,2,75003
century21,Appartement,850000.0,70.0,12142.86,2,75008
century21,Appartement,500000.0,59.0,8474.58,4,75018
century21,Appartement,265000.0,18.0,14722.22,1,75015
century21,Appartement,3500000.0,141.0,24822.7,6,75008
century21,Appartement,457000.0,45.0,10155.56,2,75018
century21,Appartement,695000.0,50.0,13900.0,3,75018
century21,Appartement,945000.0,55.0,17181.82,4,75007
century21,Appartement,375000.0,21.0,17857.14,2,75012
century21,Appartement,860000.0,55.0,15636.36,4,75014
century21,Appartement,505000.0,30.0,16833.33,2,75016
century21,Appartement,1450000.0,78.0,18589.74,3,75016
century21,Appartement,349000.0,40.0,8725.0,3,75018
century21,Appartement,600000.0,61.0,9836.07,3,75013
century21,Appartement,320000.0,95.0,3368.42,2,75017
century21,Appartement,320000.0,38.0,8421.05,1,75015
century21,Appartement,275000.0,22.0,12500.0,2,75020
century21,Appartement,362000.0,28.0,12928.57,3,75020
century21,Appartement,449900.0,91.0,4943.96,2,75020
century21,Appartement,285000.0,80.0,3562.5,2,75011
century21,Appartement,415000.0,58.0,7155.17,2,75019
century21,Appartement,189900.0,41.0,4631.71,1,75020
century21,Appartement,420000.0,58.0,7241.38,2,75020
century21,Appartement,330000.0,40.0,8250.0,2,75020
century21,Appartement,195000.0,54.0,3611.11,2,75020
century21,Appartement,794200.0,82.0,9685.37,3,75016
century21,Appartement,349000.0,35.0,9971.43,2,75018
century21,Appartement,5950000.0,324.0,18364.2,10,75006
century21,Appartement,795000.0,63.0,12619.05,3,75018
century21,Appartement,233200.0,10.0,23320.0,1,75012
century21,Appartement,540000.0,96.0,5625.0,4,75014
century21,Appartement,1090000.0,92.0,11847.83,4,75014
century21,Appartement,900000.0,73.0,12328.77,4,75014
century21,Appartement,455000.0,32.0,14218.75,3,75018
century21,Appartement,1265000.0,87.0,14540.23,5,75013
century21,Appartement,320000.0,25.0,12800.0,2,75011
century21,Appartement,279000.0,51.0,5470.59,2,75019
century21,Appartement,372000.0,62.0,6000.0,2,75019
century21,Appartement,565000.0,84.0,6726.19,3,75004
century21,Appartement,260000.0,32.0,8125.0,1,75019
century21,Appartement,419900.0,91.0,4614.29,2,75020
century21,Appartement,649900.0,66.0,9846.97,4,75020
century21,Appartement,305000.0,50.0,6100.0,3,75013
century21,Appartement,699000.0,176.0,3971.59,5,75013
century21,Appartement,725000.0,53.0,13679.25,4,75015
century21,Appartement,424000.0,41.0,10341.46,2,75015
century21,Appartement,580000.0,52.0,11153.85,3,75015
century21,Appartement,829000.0,100.0,8290.0,4,75018
century21,Appartement,1275000.0,98.0,13010.2,4,75017
century21,Appartement,580000.0,71.0,8169.01,3,75014
century21,Appartement,475000.0,21.0,22619.05,2,75017
century21,Appartement,584000.0,71.0,8225.35,3,75017
century21,Appartement,500000.0,52.0,9615.38,3,75017
century21,Appartement,487000.0,27.0,18037.04,3,75015
century21,Appartement,1330000.0,61.0,21803.28,3,75006
century21,Appartement,295000.0,35.0,8428.57,2,75006
century21,Appartement,1860000.0,85.0,21882.35,3,75007
century21,Appartement,410000.0,39.0,10512.82,2,75018
century21,Appartement,650000.0,94.0,6914.89,2,75015
century21,Appartement,345000.0,83.0,4156.63,2,75015
century21,Appartement,399000.0,42.0,9500.0,2,75020
century21,Appartement,1049000.0,62.0,16919.35,3,75005
century21,Appartement,470000.0,35.0,13428.57,2,75014
century21,Appartement,162000.0,62.0,2612.9,1,75004
century21,Appartement,355000.0,50.0,7100.0,2,75020
century21,Appartement,250000.0,30.0,8333.33,2,75011
century21,Appartement,410000.0,46.0,8913.04,2,75015
century21,Appartement,678000.0,61.0,11114.75,3,75016
century21,Appartement,470000.0,51.0,9215.69,2,75018
century21,Appartement,485000.0,50.0,9700.0,2,75018
century21,Appartement,577000.0,75.0,7693.33,2,75013
century21,Appartement,160000.0,55.0,2909.09,1,75017
century21,Appartement,798000.0,55.0,14509.09,4,75018
century21,Appartement,569000.0,66.0,8621.21,3,75012
century21,Appartement,2700000.0,175.0,15428.57,5,75008
century21,Appartement,145000.0,50.0,2900.0,1,75019
century21,Appartement,780000.0,77.0,10129.87,3,75018
century21,Appartement,536000.0,88.0,6090.91,3,75010
century21,Appartement,755000.0,79.0,9556.96,3,75011
century21,Appartement,720000.0,73.0,9863.01,5,75012
century21,Appartement,415000.0,52.0,7980.77,3,75017
century21,Appartement,122000.0,38.0,3210.53,1,75019
century21,Appartement,749000.0,43.0,17418.6,4,75016
century21,Chambre,99000.0,28.0,3535.71,1,75005
century21,Appartement,770000.0,84.0,9166.67,4,75014
century21,Appartement,405000.0,31.0,13064.52,1,75005
century21,Appartement,445000.0,84.0,5297.62,2,75015
century21,Appartement,270000.0,54.0,5000.0,1,75020
century21,Appartement,440000.0,62.0,7096.77,3,75020
century21,Appartement,370000.0,43.0,8604.65,3,75013
century21,Appartement,599000.0,63.0,9507.94,3,75015
century21,Appartement,945000.0,42.0,22500.0,5,75015
century21,Appartement,553500.0,53.0,10443.4,2,75015
century21,Appartement,460000.0,36.0,12777.78,3,75020
century21,Appartement,699000.0,52.0,13442.31,2,75016
century21,Appartement,730000.0,33.0,22121.21,3,75007
century21,Appartement,635000.0,63.0,10079.37,3,75017
century21,Appartement,275000.0,66.0,4166.67,2,75017
century21,Appartement,460000.0,78.0,5897.44,2,75011
century21,Appartement,498000.0,58.0,8586.21,3,75020
century21,Appartement,575000.0,51.0,11274.51,3,75011
century21,Appartement,426000.0,50.0,8520.0,3,75013
century21,Appartement,1339000.0,71.0,18859.15,4,75003
century21,Appartement,187000.0,20.0,9350.0,1,75017
century21,Appartement,235000.0,40.0,5875.0,3,75018
century21,Appartement,164000.0,61.0,2688.52,1,75016
century21,Appartement,578000.0,38.0,15210.53,3,75011
century21,Appartement,269000.0,60.0,4483.33,2,75013
century21,Appartement,890000.0,56.0,15892.86,4,75015
century21,Appartement,380000.0,41.0,9268.29,2,75010
century21,Appartement,899900.0,93.0,9676.34,3,75012
century21,Appartement,530000.0,28.0,18928.57,3,75012
century21,Appartement,1015000.0,71.0,14295.77,5,75016
century21,Appartement,830000.0,52.0,15961.54,2,75018
century21,Appartement,1600000.0,38.0,42105.26,3,75007
century21,Maison,5950000.0,324.0,18364.2,10,75006
century21,Appartement,440000.0,30.0,14666.67,2,75001
century21,Appartement,695000.0,94.0,7393.62,2,75014
century21,Appartement,739000.0,65.0,11369.23,3,75018
century21,Maison,794500.0,68.0,11683.82,3,75020
century21,Appartement,1218000.0,39.0,31230.77,4,75016
century21,Appartement,152500.0,32.0,4765.62,1,75011
century21,Appartement,275000.0,67.0,4104.48,2,75018
century21,Appartement,414000.0,46.0,9000.0,1,75015
century21,Appartement,300000.0,40.0,7500.0,2,75017
century21,Appartement,594000.0,37.0,16054.05,3,75015
century21,Appartement,521000.0,43.0,12116.28,3,75020
century21,Appartement,1100000.0,104.0,10576.92,6,75015
century21,Appartement,590000.0,42.0,14047.62,3,75015
century21,Appartement,273000.0,81.0,3370.37,2,75019
century21,Appartement,470000.0,51.0,9215.69,3,75018
century21,Appartement,1089900.0,94.0,11594.68,5,75009
century21,Appartement,163000.0,14.0,11642.86,1,75017
century21,Appartement,465000.0,73.0,6369.86,4,75015
century21,Appartement,990000.0,68.0,14558.82,4,75011
century21,Appartement,625000.0,67.0,9328.36,3,75014
century21,Appartement,270000.0,20.0,13500.0,2,75014
century21,Appartement,586000.0,17.0,34470.59,2,75010
century21,Appartement,660000.0,77.0,8571.43,3,75020
century21,Appartement,360000.0,50.0,7200.0,2,75011
century21,Appartement,480000.0,66.0,7272.73,2,75015
century21,Appartement,370000.0,80.0,4625.0,3,75015
century21,Appartement,500000.0,85.0,5882.35,2,75017
century21,Appartement,449900.0,34.0,13232.35,3,75019
century21,Appartement,337000.0,34.0,9911.76,2,75012
century21,Appartement,331000.0,35.0,9457.14,1,75016
century21,Appartement,280000.0,41.0,6829.27,1,75013
century21,Appartement,475000.0,55.0,8636.36,2,75014
century21,Appartement,684000.0,43.0,15906.98,3,75006
century21,Appartement,279000.0,72.0,3875.0,1,75014
century21,Appartement,620000.0,32.0,19375.0,3,75015
century21,Appartement,650000.0,77.0,8441.56,4,75015
century21,Appartement,777000.0,83.0,9361.45,4,75012
century21,Appartement,760000.0,90.0,8444.44,5,75020
century21,Appartement,247000.0,26.0,9500.0,1,75019
century21,Appartement,410000.0,60.0,6833.33,2,75020
century21,Appartement,350000.0,52.0,6730.77,2,75015
century21,Appartement,1600000.0,38.0,42105.26,3,75007
century21,Appartement,1250000.0,146.0,8561.64,5,75016
century21,Appartement,1995000.0,187.0,10668.45,7,75017
century21,Appartement,645000.0,76.0,8486.84,3,75011
century21,Appartement,1200000.0,89.0,13483.15,4,75011
century21,Appartement,370000.0,40.0,9250.0,3,75013
century21,Appartement,377200.0,20.0,18860.0,2,75015
century21,Appartement,350000.0,93.0,3763.44,2,75018
century21,Appartement,750000.0,70.0,10714.29,6,75009
century21,Appartement,495000.0,30.0,16500.0,3,75013
century21,Appartement,299000.0,76.0,3934.21,1,75006
century21,Appartement,155000.0,20.0,7750.0,1,75013
century21,Appartement,163000.0,77.0,2116.88,1,75011
century21,Appartement,880000.0,55.0,16000.0,3,75015
century21,Appartement,355000.0,50.0,7100.0,2,75009
century21,Appartement,185000.0,23.0,8043.48,1,75019
century21,Appartement,1180000.0,67.0,17611.94,4,75006
century21,Appartement,387000.0,56.0,6910.71,2,75017
century21,Appartement,400000.0,53.0,7547.17,3,75010
century21,Appartement,525000.0,52.0,10096.15,2,75020
century21,Appartement,442000.0,43.0,10279.07,2,75020
century21,Appartement,567000.0,69.0,8217.39,3,75013
century21,Appartement,510000.0,54.0,9444.44,2,75015
century21,Appartement,470000.0,60.0,7833.33,3,75015
century21,Appartement,335000.0,45.0,7444.44,2,75019
century21,Appartement,449500.0,40.0,11237.5,3,75012
century21,Appartement,799500.0,51.0,15676.47,4,75019
century21,Appartement,990000.0,30.0,33000.0,3,75016
century21,Appartement,246500.0,23.0,10717.39,1,75016
century21,Appartement,460000.0,62.0,7419.35,2,75018
century21,Appartement,795000.0,92.0,8641.3,2,75005
century21,Appartement,940000.0,67.0,14029.85,3,75006
century21,Appartement,350000.0,36.0,9722.22,1,75014
century21,Appartement,532000.0,87.0,6114.94,2,75010
century21,Appartement,498750.0,81.0,6157.41,3,75015
century21,Appartement,499000.0,27.0,18481.48,3,75020
century21,Appartement,298000.0,12.0,24833.33,1,75012
century21,Appartement,924000.0,97.0,9525.77,4,75016
century21,Appartement,422000.0,40.0,10550.0,2,75015
century21,Appartement,473000.0,28.0,16892.86,2,75006
century21,Appartement,349000.0,70.0,4985.71,3,75018
century21,Appartement,476000.0,16.0,29750.0,1,75016
century21,Appartement,840000.0,86.0,9767.44,4,75018
century21,Appartement,225000.0,21.0,10714.29,1,75018
century21,Appartement,498000.0,56.0,8892.86,2,75010
century21,Appartement,445000.0,41.0,10853.66,1,75011
century21,Appartement,370000.0,37.0,10000.0,2,75001
century21,Appartement,430500.0,48.0,8968.75,4,75013
century21,Appartement,316000.0,29.0,10896.55,1,75012
century21,Appartement,699000.0,71.0,9845.07,5,75012
century21,Appartement,545000.0,26.0,20961.54,3,75010
century21,Appartement,795000.0,75.0,10600.0,3,75016
century21,Appartement,365000.0,38.0,9605.26,2,75017
century21,Appartement,283500.0,30.0,9450.0,1,75016
century21,Appartement,400000.0,40.0,10000.0,2,75010
century21,Appartement,154000.0,39.0,3948.72,1,75018
century21,Appartement,955000.0,68.0,14044.12,3,75014
century21,Appartement,110000.0,40.0,2750.0,1,75010
century21,Appartement,280000.0,78.0,3589.74,2,75010
century21,Appartement,319000.0,50.0,6380.0,2,75012
century21,Appartement,420000.0,81.0,5185.19,4,75019
century21,Appartement,898000.0,89.0,10089.89,2,75016
century21,Appartement,205000.0,68.0,3014.71,1,75019
century21,Appartement,318000.0,21.0,15142.86,2,75015
century21,Appartement,309000.0,91.0,3395.6,3,75012
century21,Appartement,222500.0,26.0,8557.69,1,75016
century21,Appartement,562000.0,63.0,8920.63,3,75016
century21,Appartement,250000.0,28.0,8928.57,2,75016
century21,Appartement,8900000.0,425.0,20941.18,7,75016
century21,Appartement,499000.0,63.0,7920.63,3,75019
century21,Appartement,251000.0,26.0,9653.85,1,75018
century21,Appartement,135000.0,25.0,5400.0,1,75019
century21,Appartement,390000.0,51.0,7647.06,3,75020
century21,Appartement,485000.0,50.0,9700.0,3,75018
century21,Maison,89900.0,30.0,2996.67,1,75011
century21,Appartement,615000.0,63.0,9761.9,3,75020
century21,Appartement,525000.0,67.0,7835.82,3,75015
century21,Appartement,1100000.0,97.0,11340.21,4,75015
century21,Appartement,210000.0,15.0,14000.0,1,75015
century21,Appartement,355000.0,57.0,6228.07,2,75017
century21,Appartement,145000.0,44.0,3295.45,1,75010
century21,Appartement,625000.0,20.0,31250.0,2,75012
century21,Appartement,255000.0,31.0,8225.81,1,75015
century21,Maison,1899500.0,196.0,9691.33,9,75020
century21,Appartement,408000.0,42.0,9714.29,2,75019
century21,Appartement,1590000.0,150.0,10600.0,7,75017
century21,Appartement,648500.0,38.0,17065.79,1,75006
century21,Appartement,425000.0,98.0,4336.73,4,75012
century21,Appartement,120000.0,33.0,3636.36,1,75017
century21,Appartement,1080000.0,102.0,10588.24,3,75018
century21,Appartement,300000.0,28.0,10714.29,2,75014
century21,Appartement,306000.0,40.0,7650.0,1,75018
century21,Appartement,1350000.0,49.0,27551.02,5,75011
century21,Appartement,550000.0,58.0,9482.76,3,75010
century21,Appartement,246000.0,23.0,10695.65,2,75011
century21,Appartement,399000.0,19.0,21000.0,1,75006
century21,Appartement,399000.0,19.0,21000.0,1,75006
century21,Appartement,530000.0,60.0,8833.33,3,75015
century21,Appartement,215000.0,23.0,9347.83,1,75018
century21,Appartement,460000.0,78.0,5897.44,3,75018
century21,Appartement,1797000.0,144.0,12479.17,7,75010
century21,Appartement,272000.0,42.0,6476.19,1,75016
century21,Appartement,1130000.0,136.0,8308.82,5,75010
century21,Appartement,955000.0,60.0,15916.67,4,75014
century21,Appartement,138000.0,9.0,15333.33,1,75019
century21,Appartement,531000.0,52.0,10211.54,2,75012
century21,Appartement,680000.0,68.0,10000.0,2,75014
century21,Appartement,650000.0,60.0,10833.33,4,75014
century21,Appartement,520000.0,56.0,9285.71,3,75014
century21,Appartement,435000.0,47.0,9255.32,2,75020
century21,Appartement,520000.0,50.0,10400.0,3,75011
century21,Appartement,580000.0,80.0,7250.0,4,75020
century21,Appartement,540000.0,42.0,12857.14,2,75002
century21,Appartement,220000.0,27.0,8148.15,1,75020
century21,Appartement,997000.0,47.0,21212.77,3,75006
century21,Appartement,175000.0,41.0,4268.29,1,75017
century21,Appartement,409000.0,74.0,5527.03,3,75015
century21,Appartement,420000.0,70.0,6000.0,1,75006
century21,Appartement,439000.0,119.0,3689.08,4,75019
century21,Appartement,350000.0,54.0,6481.48,2,75015
century21,Appartement,300000.0,69.0,4347.83,1,75005
century21,Appartement,774500.0,24.0,32270.83,3,75011
century21,Appartement,199500.0,33.0,6045.45,1,75017
century21,Appartement,960000.0,87.0,11034.48,4,75011
century21,Appartement,329000.0,20.0,16450.0,2,75015
century21,Appartement,1850000.0,165.0,11212.12,8,75014
century21,Appartement,480000.0,46.0,10434.78,2,75012
century21,Appartement,255000.0,28.0,9107.14,2,75020
century21,Appartement,479500.0,20.0,23975.0,2,75013
century21,Appartement,700000.0,73.0,9589.04,3,75014
century21,Appartement,945000.0,76.0,12434.21,5,75016
century21,Appartement,1090000.0,92.0,11847.83,4,75014
century21,Appartement,293000.0,24.0,12208.33,1,75018
century21,Appartement,447000.0,46.0,9717.39,3,75020
century21,Appartement,2890000.0,181.0,15966.85,5,75008
century21,Appartement,1799000.0,140.0,12850.0,5,75016
century21,Appartement,1195000.0,123.0,9715.45,5,75014
century21,Appartement,1650000.0,55.0,30000.0,5,75016
century21,Appartement,429000.0,78.0,5500.0,2,75014
century21,Appartement,1210000.0,80.0,15125.0,4,75012
century21,Appartement,330000.0,55.0,6000.0,2,75002
century21,Appartement,426000.0,36.0,11833.33,2,75017
century21,Appartement,540000.0,24.0,22500.0,3,75010
century21,Appartement,899000.0,49.0,18346.94,5,75019
century21,Appartement,399000.0,30.0,13300.0,2,75018
laforet,Appartement,190000.0,16.0,11875.0,1,75011
laforet,Appartement,160000.0,14.0,11428.57,1,75011
laforet,Appartement,220000.0,22.0,10000.0,1,75010
laforet,Appartement,460000.0,56.0,8214.29,2,75011
laforet,Appartement,900000.0,74.0,12162.16,3,75001
laforet,Appartement,345000.0,36.0,9583.33,2,75014
laforet,Appartement,190000.0,18.0,10555.56,1,75010
laforet,Appartement,460000.0,37.0,12432.43,2,75007
laforet,Appartement,199000.0,18.0,11055.56,1,75017
laforet,Appartement,215000.0,21.0,10238.1,1,75019
laforet,Appartement,1165000.0,106.0,10990.57,4,75014
laforet,Appartement,327500.0,30.0,10916.67,1,75014
laforet,Appartement,750000.0,95.0,7894.74,5,75019
laforet,Appartement,420000.0,40.0,10500.0,2,75018
laforet,Appartement,369000.0,35.0,10542.86,2,75010
laforet,Appartement,320000.0,27.0,11851.85,2,75017
laforet,Appartement,141000.0,12.0,11750.0,1,75009
laforet,Appartement,129000.0,14.0,9214.29,1,75010
laforet,Appartement,100000.0,12.0,8333.33,1,75010
laforet,Appartement,620000.0,79.0,7848.1,4,75020
laforet,Appartement,599000.0,58.0,10327.59,3,75011
laforet,Appartement,189000.0,20.0,9450.0,1,75020
laforet,Appartement,533000.0,52.0,10250.0,2,75014
laforet,Appartement,160000.0,15.0,10666.67,1,75018
laforet,Appartement,310000.0,34.0,9117.65,2,75012
laforet,Appartement,1130000.0,90.0,12555.56,4,75016
laforet,Appartement,770000.0,73.0,10547.95,3,75017
laforet,Appartement,369000.0,36.0,10250.0,2,75011
laforet,Appartement,1478000.0,131.0,11282.44,5,75011
laforet,Appartement,599000.0,58.0,10327.59,3,75010
laforet,Appartement,610000.0,52.0,11730.77,3,75005
laforet,Appartement,552500.0,81.0,6820.99,4,75018
laforet,Appartement,471000.0,42.0,11214.29,2,75010
laforet,Appartement,468000.0,52.0,9000.0,2,75010
laforet,Appartement,399000.0,44.0,9068.18,3,75010
laforet,Appartement,336000.0,34.0,9882.35,2,75010
laforet,Appartement,193000.0,17.0,11352.94,1,75010
laforet,Appartement,1890000.0,148.0,12770.27,4,75011
laforet,Appartement,849000.0,72.0,11791.67,3,75016
laforet,Appartement,690000.0,75.0,9200.0,4,75010
laforet,Appartement,450000.0,49.0,9183.67,3,75010
laforet,Appartement,135000.0,14.0,9642.86,1,75015
laforet,Appartement,339000.0,36.0,9416.67,2,75015
laforet,Appartement,639000.0,54.0,11833.33,2,75015
laforet,Appartement,235000.0,21.0,11190.48,1,75020
laforet,Appartement,410000.0,56.0,7321.43,1,75010
laforet,Appartement,670000.0,73.0,9178.08,4,75010
laforet,Appartement,440000.0,50.0,8800.0,3,75010
laforet,Appartement,400000.0,39.0,10256.41,1,75010
laforet,Appartement,170000.0,24.0,7083.33,1,75018
laforet,Appartement,245000.0,24.0,10208.33,1,75012
laforet,Appartement,520000.0,55.0,9454.55,2,75012
laforet,Appartement,237000.0,23.0,10304.35,2,75015
laforet,Appartement,1470000.0,147.0,10000.0,5,75011
laforet,Appartement,899000.0,93.0,9666.67,4,75020
laforet,Appartement,751000.0,84.0,8940.48,4,75012
laforet,Appartement,649000.0,60.0,10816.67,2,75004
laforet,Appartement,519750.0,53.0,9806.6,2,75012
laforet,Appartement,375000.0,62.0,6048.39,2,75020
laforet,Appartement,999000.0,78.0,12807.69,3,75001
laforet,Appartement,570000.0,62.0,9193.55,3,75015
laforet,Appartement,355500.0,38.0,9355.26,3,75015
laforet,Appartement,410000.0,43.0,9534.88,2,75020
laforet,Appartement,1200000.0,134.0,8955.22,5,75015
laforet,Appartement,275000.0,47.0,5851.06,2,75018
laforet,Appartement,748800.0,76.0,9852.63,3,75014
laforet,Appartement,497000.0,50.0,9940.0,2,75016
laforet,Appartement,570000.0,46.0,12391.3,2,75017
laforet,Appartement,185000.0,21.0,8809.52,2,75020
laforet,Appartement,548000.0,73.0,7506.85,3,75020
laforet,Appartement,740000.0,66.0,11212.12,3,75017
laforet,Appartement,436900.0,35.0,12482.86,2,75018
laforet,Appartement,356000.0,34.0,10470.59,2,75017
laforet,Appartement,305000.0,36.0,8472.22,1,75015
laforet,Appartement,515000.0,50.0,10300.0,3,75014
laforet,Appartement,682000.0,62.0,11000.0,3,75015
laforet,Appartement,88000.0,9.0,9777.78,1,75010
laforet,Appartement,1195000.0,183.0,6530.05,8,75020
laforet,Appartement,498000.0,49.0,10163.27,3,75015
laforet,Appartement,99300.0,13.0,7638.46,1,75018
laforet,Appartement,440000.0,46.0,9565.22,3,75014
laforet,Appartement,790000.0,81.0,9753.09,4,75014
laforet,Maison,5400000.0,260.0,20769.23,10,75018
laforet,Appartement,1000000.0,92.0,10869.57,4,75018
laforet,Appartement,1242000.0,116.0,10706.9,4,75012
laforet,Appartement,1690000.0,200.0,8450.0,7,75017
laforet,Appartement,640000.0,50.0,12800.0,2,75003
laforet,Appartement,849000.0,124.0,6846.77,6,75010
laforet,Appartement,420000.0,32.0,13125.0,2,75003
laforet,Appartement,300000.0,22.0,13636.36,1,75015
laforet,Appartement,870000.0,69.0,12608.7,3,75015
laforet,Appartement,650000.0,56.0,11607.14,2,75002
laforet,Appartement,276000.0,27.0,10222.22,2,75011
laforet,Appartement,333000.0,42.0,7928.57,2,75020
laforet,Maison,1612000.0,93.0,17333.33,4,75016
laforet,Appartement,1050000.0,110.0,9545.45,5,75015
laforet,Appartement,345000.0,44.0,7840.91,2,75019
laforet,Appartement,600000.0,62.0,9677.42,3,75019
laforet,Appartement,219500.0,26.0,8442.31,1,75011
laforet,Appartement,1195000.0,101.0,11831.68,4,75002
laforet,Appartement,825000.0,92.0,8967.39,4,75017
laforet,Appartement,525000.0,60.0,8750.0,3,75015
laforet,Appartement,330000.0,47.0,7021.28,1,75010
laforet,Appartement,785000.0,97.0,8092.78,4,75020
laforet,Appartement,540000.0,50.0,10800.0,2,75016
laforet,Appartement,695000.0,50.0,13900.0,2,75001
laforet,Appartement,175000.0,24.0,7291.67,1,75018
laforet,Appartement,320000.0,43.0,7441.86,3,75018
laforet,Appartement,890000.0,95.0,9368.42,4,75019
laforet,Appartement,470000.0,54.0,8703.7,3,75014
laforet,Appartement,495000.0,47.0,10531.91,3,75017
laforet,Appartement,570000.0,91.0,6263.74,4,75019
laforet,Appartement,139000.0,15.0,9266.67,1,75018
laforet,Appartement,799000.0,88.0,9079.55,3,75015
laforet,Appartement,195000.0,18.0,10833.33,1,75020
laforet,Appartement,670000.0,65.0,10307.69,3,75009
laforet,Appartement,578000.0,56.0,10321.43,3,75015
laforet,Appartement,2695000.0,300.0,8983.33,5,75011
laforet,Appartement,635000.0,64.0,9921.88,3,75015
laforet,Appartement,505000.0,62.0,8145.16,3,75014
laforet,Appartement,530000.0,61.0,8688.52,3,75015
laforet,Appartement,468000.0,53.0,8830.19,4,75015
laforet,Appartement,330000.0,29.0,11379.31,1,75015
laforet,Appartement,300000.0,27.0,11111.11,1,75015
laforet,Appartement,285000.0,28.0,10178.57,2,75014
laforet,Appartement,265000.0,24.0,11041.67,1,75015
laforet,Appartement,249000.0,25.0,9960.0,1,75015
laforet,Appartement,621000.0,57.0,10894.74,2,75015
laforet,Appartement,555000.0,66.0,8409.09,2,75010
laforet,Appartement,1649000.0,102.0,16166.67,5,75006
laforet,Appartement,440000.0,46.0,9565.22,2,75011
laforet,Appartement,1250000.0,95.0,13157.89,4,75001
laforet,Appartement,157500.0,14.0,11250.0,1,75013
laforet,Appartement,276000.0,28.0,9857.14,1,75020
laforet,Appartement,595000.0,62.0,9596.77,3,75015
laforet,Appartement,470000.0,53.0,8867.92,3,75020
laforet,Appartement,340000.0,34.0,10000.0,2,75019
laforet,Appartement,1450000.0,118.0,12288.14,5,75017
laforet,Appartement,698000.0,59.0,11830.51,3,75009
laforet,Appartement,525000.0,44.0,11931.82,3,75009
laforet,Appartement,488250.0,48.0,10171.88,3,75009
laforet,Appartement,430000.0,41.0,10487.8,1,75009
laforet,Appartement,367000.0,34.0,10794.12,2,75009
laforet,Appartement,990000.0,105.0,9428.57,3,75016
laforet,Appartement,947000.0,84.0,11273.81,4,75015
laforet,Appartement,899000.0,87.0,10333.33,4,75014
laforet,Appartement,469000.0,45.0,10422.22,2,75009
laforet,Appartement,289000.0,32.0,9031.25,1,75019
laforet,Appartement,237500.0,20.0,11875.0,1,75015
laforet,Appartement,585000.0,82.0,7134.15,3,75009
laforet,Appartement,160000.0,10.0,16000.0,1,75007
laforet,Appartement,682500.0,53.0,12877.36,3,75005
laforet,Appartement,987000.0,93.0,10612.9,5,75009
laforet,Appartement,189000.0,20.0,9450.0,1,75018
laforet,Appartement,638000.0,50.0,12760.0,3,75004
laforet,Appartement,249000.0,31.0,8032.26,1,75013
laforet,Appartement,1495000.0,125.0,11960.0,5,75004
laforet,Appartement,1155000.0,100.0,11550.0,5,75004
laforet,Appartement,819000.0,84.0,9750.0,4,75011
laforet,Appartement,173000.0,16.0,10812.5,1,75004
laforet,Appartement,299000.0,38.0,7868.42,2,75020
laforet,Appartement,580000.0,65.0,8923.08,3,75012
laforet,Appartement,1375000.0,105.0,13095.24,4,75014
laforet,Appartement,2045000.0,154.0,13279.22,5,75015
laforet,Appartement,485000.0,56.0,8660.71,2,75014
laforet,Appartement,640000.0,45.0,14222.22,2,75011
laforet,Appartement,299990.0,28.0,10713.93,1,75011
laforet,Appartement,680000.0,84.0,8095.24,4,75015
laforet,Appartement,570000.0,67.0,8507.46,2,75016
laforet,Appartement,169000.0,19.0,8894.74,1,75018
laforet,Appartement,635000.0,63.0,10079.37,2,75016
laforet,Appartement,630000.0,74.0,8513.51,5,75015
laforet,Appartement,399000.0,45.0,8866.67,2,75018
laforet,Appartement,280000.0,31.0,9032.26,2,75018
laforet,Appartement,365000.0,47.0,7765.96,2,75018
laforet,Appartement,634000.0,53.0,11962.26,2,75012
laforet,Appartement,247000.0,26.0,9500.0,1,75014
laforet,Appartement,396000.0,35.0,11314.29,2,75011
laforet,Appartement,1060000.0,95.0,11157.89,4,75018
laforet,Appartement,998500.0,128.0,7800.78,4,75020
laforet,Appartement,849000.0,124.0,6846.77,6,75018
laforet,Appartement,325000.0,34.0,9558.82,2,75015
laforet,Appartement,1549000.0,120.0,12908.33,4,75016
laforet,Appartement,1549000.0,120.0,12908.33,5,75016
laforet,Appartement,559000.0,65.0,8600.0,3,75020
laforet,Appartement,175000.0,16.0,10937.5,1,75009
laforet,Appartement,740000.0,84.0,8809.52,4,75011
laforet,Appartement,483000.0,53.0,9113.21,2,75020
laforet,Appartement,320000.0,35.0,9142.86,2,75016
laforet,Appartement,780000.0,75.0,10400.0,3,75017
laforet,Appartement,1400000.0,145.0,9655.17,4,75014
laforet,Appartement,349999.0,48.0,7291.65,1,75015
laforet,Appartement,316000.0,38.0,8315.79,2,75015
laforet,Appartement,199000.0,20.0,9950.0,1,75010
laforet,Appartement,190800.0,19.0,10042.11,1,75015
laforet,Appartement,269000.0,27.0,9962.96,1,75014
laforet,Appartement,950000.0,101.0,9405.94,4,75019
laforet,Appartement,230000.0,21.0,10952.38,1,75019
laforet,Appartement,285000.0,30.0,9500.0,2,75020
laforet,Appartement,247000.0,31.0,7967.74,2,75020
laforet,Appartement,365000.0,66.0,5530.3,3,75018
laforet,Appartement,1285000.0,135.0,9518.52,5,75017
laforet,Appartement,287000.0,34.0,8441.18,1,75020
laforet,Appartement,142000.0,11.0,12909.09,1,75010
laforet,Appartement,349000.0,27.0,12925.93,1,75004
laforet,Appartement,1395000.0,120.0,11625.0,4,75016
laforet,Appartement,470000.0,65.0,7230.77,3,75018
laforet,Appartement,542000.0,52.0,10423.08,3,75014
laforet,Appartement,798000.0,87.0,9172.41,4,75012
laforet,Appartement,450000.0,31.0,14516.13,2,75006
laforet,Appartement,298000.0,38.0,7842.11,2,75014
laforet,Appartement,249000.0,38.0,6552.63,2,75018
laforet,Appartement,170000.0,21.0,8095.24,2,75018
laforet,Appartement,590000.0,40.0,14750.0,2,75004
laforet,Appartement,665000.0,60.0,11083.33,2,75002
laforet,Appartement,670000.0,42.0,15952.38,2,75003
laforet,Appartement,685000.0,57.0,12017.54,2,75002
laforet,Appartement,349000.0,33.0,10575.76,2,75011
laforet,Appartement,749000.0,110.0,6809.09,4,75010
laforet,Appartement,740000.0,87.0,8505.75,4,75017
laforet,Appartement,398000.0,37.0,10756.76,2,75015
laforet,Appartement,1350000.0,103.0,13106.8,5,75004
laforet,Appartement,550000.0,86.0,6395.35,4,75018
laforet,Appartement,800000.0,78.0,10256.41,4,75015
laforet,Appartement,1521438.0,128.0,11886.23,5,75013
laforet,Appartement,983444.0,88.0,11175.5,4,75013
laforet,Appartement,458000.0,35.0,13085.71,2,75018
laforet,Appartement,121000.0,11.0,11000.0,1,75012
laforet,Appartement,775000.0,68.0,11397.06,3,75017
laforet,Appartement,775000.0,68.0,11397.06,4,75017
laforet,Appartement,845000.0,80.0,10562.5,4,75015
laforet,Appartement,1199000.0,95.0,12621.05,5,75009
laforet,Appartement,689373.0,68.0,10137.84,3,75013
laforet,Appartement,497000.0,51.0,9745.1,3,75013
laforet,Appartement,675000.0,53.0,12735.85,3,75002
laforet,Appartement,356735.0,33.0,10810.15,1,75013
laforet,Appartement,1995000.0,181.0,11022.1,5,75006
laforet,Appartement,549000.0,63.0,8714.29,2,75016
laforet,Appartement,1320000.0,112.0,11785.71,4,75009
laforet,Appartement,798000.0,97.0,8226.8,4,75017
laforet,Appartement,1390000.0,108.0,12870.37,5,75002
laforet,Appartement,560000.0,44.0,12727.27,2,75003
laforet,Appartement,2175000.0,146.0,14897.26,6,75008
laforet,Appartement,295000.0,17.0,17352.94,1,75003
laforet,Appartement,255000.0,22.0,11590.91,2,75020
laforet,Appartement,350000.0,27.0,12962.96,1,75016
laforet,Appartement,506400.0,55.0,9207.27,3,75012
laforet,Appartement,790000.0,110.0,7181.82,4,75010
laforet,Appartement,999000.0,199.0,5020.1,6,75020
laforet,Appartement,493000.0,39.0,12641.03,2,75006
laforet,Appartement,680000.0,66.0,10303.03,3,75016
laforet,Appartement,577500.0,49.0,11785.71,2,75018
laforet,Appartement,1380000.0,135.0,10222.22,6,75016
laforet,Appartement,360000.0,34.0,10588.24,1,75013
laforet,Appartement,279900.0,31.0,9029.03,2,75017
laforet,Appartement,430000.0,38.0,11315.79,2,75003
laforet,Appartement,735000.0,72.0,10208.33,3,75013
laforet,Appartement,243000.0,16.0,15187.5,1,75008
laforet,Appartement,893000.0,102.0,8754.9,4,75014
laforet,Appartement,925000.0,88.0,10511.36,5,75013
laforet,Appartement,1050000.0,102.0,10294.12,5,75016
laforet,Appartement,1900000.0,132.0,14393.94,5,75014
laforet,Appartement,534000.0,66.0,8090.91,3,75013
laforet,Appartement,500000.0,44.0,11363.64,2,75017
laforet,Appartement,202000.0,41.0,4926.83,2,75019
laforet,Appartement,1144000.0,115.0,9947.83,4,75008
laforet,Appartement,295000.0,26.0,11346.15,2,75017
laforet,Appartement,900000.0,85.0,10588.24,4,75014
laforet,Appartement,262000.0,24.0,10916.67,1,75017
laforet,Appartement,553500.0,53.0,10443.4,2,75011
laforet,Appartement,129000.0,9.0,14333.33,1,75005
laforet,Appartement,235000.0,24.0,9791.67,1,75019
laforet,Appartement,549000.0,41.0,13390.24,2,75009
laforet,Appartement,685000.0,91.0,7527.47,4,75013
laforet,Appartement,825000.0,92.0,8967.39,4,75020
laforet,Appartement,312000.0,36.0,8666.67,2,75020
laforet,Appartement,334500.0,27.0,12388.89,1,75005
laforet,Appartement,536000.0,60.0,8933.33,3,75010
laforet,Appartement,630000.0,80.0,7875.0,4,75010
laforet,Appartement,1275000.0,102.0,12500.0,5,75017
laforet,Appartement,695000.0,51.0,13627.45,2,75002
laforet,Appartement,612000.0,47.0,13021.28,3,75007
laforet,Appartement,598500.0,67.0,8932.84,3,75019
laforet,Appartement,995000.0,85.0,11705.88,3,75002
laforet,Appartement,220000.0,22.0,10000.0,2,75009
laforet,Appartement,680000.0,73.0,9315.07,3,75011
laforet,Appartement,485000.0,67.0,7238.81,2,75018
laforet,Appartement,424000.0,34.0,12470.59,2,75011
laforet,Appartement,195000.0,16.0,12187.5,1,75009
laforet,Appartement,676000.0,76.0,8894.74,4,75010
laforet,Appartement,470000.0,48.0,9791.67,2,75017
laforet,Appartement,530000.0,51.0,10392.16,1,75009
laforet,Appartement,199000.0,21.0,9476.19,1,75010
laforet,Appartement,375000.0,49.0,7653.06,3,75018
laforet,Appartement,1730000.0,137.0,12627.74,6,75007
laforet,Appartement,1350000.0,103.0,13106.8,5,75001
laforet,Appartement,1060000.0,91.0,11648.35,4,75018
laforet,Appartement,3270000.0,192.0,17031.25,5,75008
laforet,Appartement,750000.0,78.0,9615.38,4,75014
laforet,Appartement,415000.0,43.0,9651.16,2,75012
laforet,Appartement,1547000.0,86.0,17988.37,3,75007
laforet,Appartement,155000.0,14.0,11071.43,1,75009
laforet,Appartement,680000.0,57.0,11929.82,2,75014
laforet,Appartement,325000.0,47.0,6914.89,2,75018
laforet,Appartement,185000.0,28.0,6607.14,1,75018
laforet,Appartement,451500.0,42.0,10750.0,2,75012
laforet,Appartement,105000.0,13.0,8076.92,1,75018
laforet,Appartement,102000.0,14.0,7285.71,1,75018
laforet,Appartement,153000.0,16.0,9562.5,1,75013
laforet,Appartement,779000.0,88.0,8852.27,4,75020
laforet,Appartement,813000.0,70.0,11614.29,3,75013
laforet,Appartement,789000.0,80.0,9862.5,4,75013
laforet,Appartement,750000.0,115.0,6521.74,5,75020
laforet,Appartement,845000.0,108.0,7824.07,5,75020
laforet,Appartement,1320000.0,112.0,11785.71,4,75009
laforet,Appartement,875000.0,71.0,12323.94,3,75003
laforet,Appartement,695000.0,80.0,8687.5,4,75015
laforet,Appartement,549000.0,41.0,13390.24,2,75002
laforet,Appartement,299000.0,24.0,12458.33,2,75002
laforet,Appartement,727900.0,84.0,8665.48,3,75015
laforet,Appartement,299000.0,35.0,8542.86,1,75014
laforet,Appartement,92500.0,11.0,8409.09,1,75018
laforet,Appartement,180000.0,24.0,7500.0,2,75018
laforet,Appartement,1480000.0,128.0,11562.5,5,75013
laforet,Appartement,187000.0,19.0,9842.11,1,75010
laforet,Appartement,633000.0,61.0,10377.05,3,75016
laforet,Appartement,271000.0,24.0,11291.67,2,75015
laforet,Appartement,1900000.0,132.0,14393.94,4,75014
laforet,Maison,1199000.0,139.0,8625.9,6,75011
laforet,Appartement,525000.0,37.0,14189.19,2,75004
laforet,Appartement,349000.0,35.0,9971.43,2,75020
laforet,Appartement,398000.0,56.0,7107.14,2,75012
laforet,Appartement,700000.0,89.0,7865.17,4,75018
laforet,Appartement,800000.0,69.0,11594.2,3,75017
laforet,Appartement,845000.0,108.0,7824.07,5,75020
laforet,Appartement,1260000.0,182.0,6923.08,5,75011
laforet,Appartement,299999.0,32.0,9374.97,2,75017
laforet,Appartement,315000.0,36.0,8750.0,2,75012
laforet,Appartement,1100000.0,76.0,14473.68,3,75006
laforet,Appartement,182000.0,26.0,7000.0,1,75018
laforet,Appartement,119000.0,13.0,9153.85,1,75010
laforet,Appartement,820000.0,71.0,11549.3,3,75017
laforet,Appartement,441000.0,37.0,11918.92,1,75017
laforet,Appartement,2155000.0,156.0,13814.1,5,75016
laforet,Appartement,1250000.0,71.0,17605.63,3,75006
laforet,Appartement,300000.0,40.0,7500.0,2,75017
laforet,Appartement,395000.0,31.0,12741.94,1,75003
laforet,Appartement,645000.0,82.0,7865.85,3,75009
laforet,Appartement,995000.0,85.0,11705.88,3,75001
laforet,Appartement,545000.0,42.0,12976.19,2,75003
laforet,Appartement,1300000.0,55.0,23636.36,3,75006
laforet,Maison,1645000.0,192.0,8567.71,6,75013
laforet,Appartement,325000.0,32.0,10156.25,2,75015
laforet,Appartement,322000.0,28.0,11500.0,2,75016
lefigaro,Appartement,2600000.0,124.34,20910.0,4,75007
lefigaro,Appartement,1190000.0,106.28,11197.0,5,75016
lefigaro,Appartement,470000.0,54.73,8588.0,3,75015
lefigaro,Appartement,980000.0,99.0,9899.0,5,75011
lefigaro,Appartement,1145000.0,79.0,14494.0,3,75005
lefigaro,Appartement,335000.0,30.0,11167.0,2,75020
lefigaro,Appartement,268000.0,22.0,12182.0,1,75008
lefigaro,Appartement,268000.0,22.0,12182.0,1,75017
lefigaro,Appartement,1995000.0,133.55,14938.0,6,75014
lefigaro,Appartement,1145000.0,105.0,10905.0,5,75014
lefigaro,Appartement,433000.0,39.68,10912.0,2,75014
lefigaro,Appartement,1335000.0,108.0,12361.0,3,75016
lefigaro,Appartement,1080000.0,60.4,17881.0,3,75014
lefigaro,Appartement,950000.0,68.04,13962.0,3,75015
lefigaro,Appartement,1150000.0,100.18,11479.0,5,75014
lefigaro,Appartement,865000.0,76.11,11365.0,4,75014
lefigaro,Appartement,1190000.0,84.32,14113.0,5,75007
lefigaro,Appartement,360000.0,26.0,13846.0,1,75013
lefigaro,Appartement,2484000.0,312.0,7962.0,7,75014
lefigaro,Appartement,515000.0,68.87,7478.0,3,75014
lefigaro,Appartement,575000.0,56.0,10268.0,3,75014
lefigaro,Appartement,1179000.0,83.3,14154.0,3,75013
lefigaro,Appartement,348000.0,28.5,12211.0,2,75005
lefigaro,Appartement,450000.0,54.56,8248.0,2,75014
lefigaro,Appartement,565000.0,50.4,11210.0,2,75014
lefigaro,Appartement,2750000.0,220.0,12500.0,5,75017
lefigaro,Appartement,558000.0,39.8,14020.0,2,75013
lefigaro,Appartement,780000.0,47.15,16543.0,2,75016
lefigaro,Appartement,279000.0,27.72,10065.0,1,75014
lefigaro,Appartement,419000.0,35.0,11971.0,2,75014
lefigaro,Appartement,145000.0,12.4,11694.0,1,75014
lefigaro,Appartement,484000.0,47.0,10298.0,2,75015
lefigaro,Appartement,3750000.0,195.0,19231.0,5,75016
lefigaro,Appartement,1940000.0,140.0,13857.0,5,75016
lefigaro,Appartement,2595000.0,131.0,19809.0,5,75006
lefigaro,Appartement,187500.0,15.11,12409.0,1,75016
lefigaro,Appartement,988000.0,98.04,10078.0,4,75017
lefigaro,Appartement,892000.0,69.0,12928.0,3,75013
lefigaro,Appartement,815000.0,70.0,11643.0,3,75015
lefigaro,Appartement,490000.0,63.0,7778.0,3,75016
lefigaro,Appartement,490000.0,63.0,7778.0,3,75016
lefigaro,Appartement,819900.0,69.48,11801.0,3,75017
lefigaro,Appartement,1100000.0,75.9,14493.0,4,75013
lefigaro,Appartement,670000.0,80.0,8375.0,4,75001
lefigaro,Appartement,1098000.0,96.0,11438.0,5,75017
lefigaro,Appartement,1985000.0,96.43,20585.0,4,75005
lefigaro,Appartement,716000.0,46.9,15267.0,2,75013
lefigaro,Appartement,2520000.0,145.0,17379.0,5,75016
lefigaro,Appartement,756000.0,51.0,14824.0,2,75004
lefigaro,Appartement,2475000.0,180.0,13750.0,6,75016
lefigaro,Appartement,3450000.0,231.28,14917.0,6,75016
lefigaro,Appartement,676000.0,49.5,13657.0,2,75013
lefigaro,Appartement,1395000.0,123.81,11267.0,5,75009
lefigaro,Appartement,1050000.0,77.35,13575.0,3,75004
lefigaro,Appartement,1330000.0,133.0,10000.0,5,75013
lefigaro,Appartement,1080000.0,114.65,9420.0,5,75015
lefigaro,Appartement,730000.0,48.8,14959.0,2,75013
lefigaro,Appartement,185000.0,20.35,9091.0,1,75013
lefigaro,Appartement,107000.0,9.65,11088.0,1,75016
lefigaro,Appartement,1100000.0,69.0,15942.0,3,75017
lefigaro,Appartement,1100000.0,69.0,15942.0,3,75009
lefigaro,Appartement,350000.0,31.62,11069.0,2,75018
lefigaro,Appartement,917000.0,50.0,18340.0,2,75003
lefigaro,Appartement,239000.0,16.0,14938.0,1,75016
lefigaro,Appartement,3950000.0,315.0,12540.0,7,75016
lefigaro,Appartement,1525000.0,128.27,11889.0,5,75016
lefigaro,Appartement,568000.0,40.0,14200.0,2,75013
lefigaro,Appartement,1130000.0,90.0,12556.0,4,75016
lefigaro,Appartement,490000.0,60.0,8167.0,2,75018
lefigaro,Appartement,640000.0,45.8,13974.0,2,75013
lefigaro,Appartement,1950000.0,100.0,19500.0,4,75016
lefigaro,Appartement,1399900.0,103.0,13591.0,4,75012
lefigaro,Appartement,1875000.0,138.0,13587.0,5,75016
lefigaro,Appartement,995000.0,90.1,11043.0,4,75015
lefigaro,Appartement,643000.0,45.8,14039.0,2,75013
lefigaro,Appartement,1200000.0,101.8,11788.0,4,75013
lefigaro,Appartement,1250000.0,188.0,6649.0,7,75012
lefigaro,Appartement,690000.0,81.27,8490.0,4,75020
lefigaro,Appartement,1250000.0,68.62,18216.0,3,75001
lefigaro,Appartement,740000.0,48.7,15195.0,2,75013
lefigaro,Appartement,1350000.0,77.0,17532.0,3,75016
lefigaro,Appartement,220000.0,25.0,8800.0,2,75017
lefigaro,Appartement,1750000.0,129.0,13566.0,6,75016
lefigaro,Appartement,999000.0,116.2,8597.0,4,75015
lefigaro,Appartement,490000.0,32.8,14939.0,1,75013
lefigaro,Appartement,699000.0,86.0,8128.0,4,75020
lefigaro,Appartement,830000.0,76.0,10921.0,4,75002
lefigaro,Appartement,457000.0,44.0,10386.0,2,75011
lefigaro,Appartement,1380000.0,152.0,9079.0,5,75016
lefigaro,Appartement,550000.0,93.0,5914.0,4,75013
lefigaro,Appartement,575000.0,66.0,8712.0,3,75018
lefigaro,Appartement,988000.0,98.0,10082.0,4,75017
lefigaro,Appartement,899000.0,77.0,11675.0,3,75015
lefigaro,Appartement,445000.0,30.0,14833.0,2,75015
lefigaro,Appartement,733000.0,47.8,15335.0,2,75013
lefigaro,Appartement,439999.0,39.0,11282.0,2,75008
lefigaro,Appartement,1184500.0,167.0,7093.0,5,75016
lefigaro,Appartement,1768000.0,168.98,10463.0,6,75003
lefigaro,Appartement,1190000.0,83.4,14269.0,3,75013
lefigaro,Appartement,320000.0,18.0,17778.0,1,75018
lefigaro,Appartement,1690000.0,113.0,14956.0,4,75014
lefigaro,Appartement,1380000.0,105.0,13143.0,4,75010
lefigaro,Appartement,2790000.0,203.98,13678.0,7,75017
lefigaro,Appartement,362000.0,26.0,13923.0,1,75013
lefigaro,Appartement,535000.0,54.0,9907.0,3,75015
lefigaro,Appartement,1495000.0,153.25,9755.0,6,75010
lefigaro,Appartement,799000.0,90.29,8849.0,5,75010
lefigaro,Appartement,7800000.0,452.64,17232.0,18,75016
lefigaro,Appartement,456000.0,32.1,14206.0,1,75013
lefigaro,Appartement,2500000.0,154.0,16234.0,5,75010
lefigaro,Appartement,900000.0,74.0,12162.0,3,75001
lefigaro,Appartement,900000.0,74.0,12162.0,3,75002
lefigaro,Appartement,1125000.0,73.04,15403.0,3,75002
lefigaro,Appartement,650000.0,40.89,15896.0,1,75013
lefigaro,Appartement,987000.0,98.0,10071.0,4,75017
lefigaro,Appartement,300000.0,28.04,10699.0,2,75018
lefigaro,Appartement,415000.0,50.0,8300.0,3,75018
lefigaro,Appartement,3095000.0,300.0,10317.0,8,75016
lefigaro,Appartement,265000.0,23.06,11492.0,2,75015
lefigaro,Appartement,405000.0,34.04,11898.0,2,75015
lefigaro,Appartement,408000.0,45.0,9067.0,2,75010
lefigaro,Appartement,419000.0,47.61,8801.0,2,75016
lefigaro,Appartement,2250000.0,212.0,10613.0,9,75016
lefigaro,Appartement,1100000.0,70.13,15685.0,3,75004
lefigaro,Appartement,1211000.0,83.9,14434.0,3,75013
lefigaro,Appartement,160000.0,15.26,10485.0,1,75013
lefigaro,Appartement,1350000.0,90.0,15000.0,5,75015
lefigaro,Appartement,950000.0,89.0,10674.0,4,75014
lefigaro,Appartement,899000.0,85.46,10520.0,4,75016
lefigaro,Appartement,943000.0,76.7,12295.0,3,75013
lefigaro,Appartement,725000.0,68.75,10545.0,3,75013
lefigaro,Appartement,274000.0,27.4,10000.0,1,75020
lefigaro,Appartement,399000.0,39.0,10231.0,2,75016
lefigaro,Appartement,877000.0,84.38,10393.0,4,75015
lefigaro,Appartement,505000.0,34.18,14775.0,1,75013
lefigaro,Appartement,950000.0,89.0,10674.0,4,75015
lefigaro,Appartement,287500.0,24.8,11593.0,1,75015
lefigaro,Appartement,766900.0,65.0,11798.0,4,75017
lefigaro,Appartement,999000.0,96.51,10351.0,4,75015
lefigaro,Appartement,699000.0,51.4,13599.0,2,75013
lefigaro,Appartement,570000.0,37.11,15360.0,2,75004
lefigaro,Appartement,525000.0,61.0,8607.0,3,75012
lefigaro,Appartement,1025000.0,94.6,10835.0,4,75010
lefigaro,Appartement,938000.0,77.01,12180.0,4,75015
lefigaro,Appartement,1192000.0,83.4,14293.0,3,75013
lefigaro,Appartement,1055000.0,105.0,10048.0,3,75012
lefigaro,Appartement,1300000.0,78.67,16525.0,4,75006
lefigaro,Appartement,895000.0,90.0,9944.0,4,75020
lefigaro,Appartement,435000.0,32.28,13476.0,2,75017
lefigaro,Appartement,275000.0,27.81,9889.0,2,75017
lefigaro,Appartement,120000.0,10.0,12000.0,1,75017
lefigaro,Appartement,685000.0,70.03,9782.0,3,75016
lefigaro,Appartement,1310000.0,104.9,12488.0,4,75016
lefigaro,Appartement,726000.0,48.5,14969.0,2,75013
lefigaro,Appartement,329000.0,33.0,9970.0,2,75012
lefigaro,Appartement,670000.0,66.92,10012.0,3,75015
lefigaro,Appartement,650000.0,56.43,11519.0,2,75015
lefigaro,Appartement,1450000.0,100.44,14436.0,4,75008
lefigaro,Appartement,621000.0,44.9,13831.0,2,75013
lefigaro,Appartement,427500.0,31.19,13706.0,2,75015
lefigaro,Appartement,795000.0,46.07,17256.0,2,75002
lefigaro,Appartement,565000.0,41.37,13657.0,2,75001
lefigaro,Appartement,1010000.0,95.42,10585.0,5,75015
lefigaro,Appartement,1119000.0,82.3,13597.0,4,75013
lefigaro,Appartement,1470000.0,142.08,10346.0,5,75011
lefigaro,Appartement,175000.0,24.85,7042.0,1,75010
lefigaro,Appartement,2350000.0,130.0,18077.0,5,75005
lefigaro,Appartement,349000.0,24.57,14204.0,1,75013
lefigaro,Appartement,1650000.0,101.65,16232.0,4,75016
lefigaro,Appartement,735000.0,71.61,10264.0,3,75013
lefigaro,Appartement,735000.0,71.61,10264.0,4,75013
lefigaro,Appartement,1390000.0,130.0,10692.0,5,75015
lefigaro,Appartement,1378000.0,103.5,13314.0,4,75013
lefigaro,Appartement,630000.0,51.8,12162.0,3,75013
lefigaro,Appartement,800000.0,89.05,8984.0,4,75011
lefigaro,Appartement,449000.0,37.0,12135.0,2,75005
lefigaro,Appartement,360000.0,39.0,9231.0,2,75012
lefigaro,Appartement,221000.0,22.81,9689.0,1,75015
lefigaro,Appartement,318000.0,28.38,11205.0,2,75010
lefigaro,Appartement,980000.0,69.65,14070.0,2,75003
lefigaro,Appartement,555555.0,67.04,8287.0,3,75015
lefigaro,Appartement,1350000.0,95.5,14136.0,4,75008
lefigaro,Appartement,2490000.0,124.0,20081.0,5,75016
lefigaro,Appartement,1332000.0,108.2,12311.0,4,75013
lefigaro,Appartement,850000.0,39.04,21773.0,2,75007
lefigaro,Appartement,236000.0,22.7,10396.0,1,75010
lefigaro,Appartement,910000.0,65.45,13904.0,3,75002
lefigaro,Appartement,1399000.0,130.0,10762.0,5,75016
lefigaro,Appartement,736000.0,48.7,15113.0,2,75013
lefigaro,Appartement,1030000.0,74.07,13906.0,3,75016
lefigaro,Appartement,680000.0,57.01,11928.0,2,75020
lefigaro,Appartement,1790000.0,135.0,13259.0,4,75002
lefigaro,Appartement,960000.0,77.68,12358.0,3,75013
lefigaro,Appartement,1150000.0,80.0,14375.0,3,75004
lefigaro,Appartement,180000.0,25.0,7200.0,1,75019
lefigaro,Appartement,1699000.0,142.67,11909.0,4,75002
lefigaro,Appartement,991000.0,79.36,12487.0,3,75013
lefigaro,Appartement,465000.0,70.0,6643.0,3,75015
lefigaro,Appartement,575000.0,40.07,14350.0,2,75003
lefigaro,Appartement,540000.0,52.0,10385.0,2,75015
lefigaro,Appartement,2200000.0,142.0,15493.0,5,75016
lefigaro,Appartement,683000.0,45.4,15044.0,2,75013
lefigaro,Appartement,680000.0,68.12,9982.0,3,75009
lefigaro,Appartement,2850000.0,145.0,19655.0,5,75015
lefigaro,Appartement,3495000.0,160.0,21844.0,5,75018
lefigaro,Appartement,143576.0,18.0,7976.0,1,75019
lefigaro,Appartement,1144000.0,132.0,8667.0,4,75017
lefigaro,Appartement,270000.0,27.0,10000.0,1,75014
lefigaro,Appartement,859000.0,72.0,11931.0,4,75016
lefigaro,Appartement,1134000.0,131.0,8656.0,5,75015
lefigaro,Appartement,1295000.0,81.58,15874.0,2,75006
lefigaro,Appartement,1109000.0,82.9,13378.0,4,75013
lefigaro,Appartement,210000.0,16.6,12651.0,1,75015
lefigaro,Appartement,360000.0,45.0,8000.0,2,75015
lefigaro,Appartement,1032000.0,96.0,10750.0,4,75011
lefigaro,Appartement,995000.0,90.1,11043.0,4,75015
lefigaro,Appartement,1363000.0,103.4,13182.0,4,75013
lefigaro,Appartement,988000.0,99.0,9980.0,4,75017
lefigaro,Appartement,1925000.0,187.0,10294.0,6,75017
lefigaro,Appartement,408900.0,33.71,12130.0,1,75012
lefigaro,Appartement,2800000.0,172.0,16279.0,7,75016
lefigaro,Appartement,721000.0,48.4,14897.0,2,75013
lefigaro,Appartement,550000.0,42.0,13095.0,2,75011
lefigaro,Appartement,980000.0,69.65,14070.0,2,75003
lefigaro,Appartement,390000.0,56.29,6928.0,2,75013
lefigaro,Appartement,585000.0,57.4,10192.0,3,75012
lefigaro,Appartement,1383000.0,103.4,13375.0,4,75013
lefigaro,Maison,4995000.0,400.0,12488.0,9,75017
lefigaro,Appartement,661000.0,56.0,11804.0,3,75018
lefigaro,Appartement,320000.0,31.0,10323.0,2,75020
lefigaro,Appartement,990000.0,76.0,13026.0,4,75017
lefigaro,Appartement,1179000.0,82.9,14222.0,3,75013
lefigaro,Appartement,850000.0,180.0,4722.0,5,75015
lefigaro,Appartement,1615000.0,112.0,14420.0,4,75017
lefigaro,Appartement,370000.0,40.5,9136.0,2,75015
lefigaro,Appartement,449000.0,45.0,9978.0,2,75011
lefigaro,Appartement,850000.0,90.2,9424.0,4,75012
lefigaro,Appartement,1420000.0,79.9,17772.0,3,75008
lefigaro,Appartement,729000.0,70.88,10285.0,3,75015
lefigaro,Appartement,185000.0,22.0,8409.0,1,75020
lefigaro,Appartement,1350000.0,95.5,14136.0,4,75008
lefigaro,Appartement,3440000.0,164.3,20937.0,6,75007
lefigaro,Appartement,1100000.0,83.0,13253.0,4,75013
lefigaro,Appartement,2480000.0,155.0,16000.0,7,75016
lefigaro,Appartement,1150000.0,93.0,12366.0,5,75006
lefigaro,Appartement,540000.0,50.0,10800.0,2,75015
lefigaro,Appartement,1196000.0,120.0,9967.0,6,75012
lefigaro,Appartement,1087000.0,82.9,13112.0,4,75013
lefigaro,Appartement,136808.0,20.36,6719.0,1,75019
lefigaro,Appartement,80000.0,10.5,7619.0,1,75016
lefigaro,Appartement,495000.0,39.3,12595.0,2,75016
lefigaro,Appartement,1350000.0,90.0,15000.0,3,75007
lefigaro,Appartement,357000.0,24.84,14372.0,1,75013
lefigaro,Appartement,230000.0,31.09,7398.0,2,75019
lefigaro,Appartement,975000.0,74.0,13176.0,2,75016
lefigaro,Appartement,1280000.0,80.0,16000.0,4,75007
lefigaro,Appartement,2550000.0,164.0,15549.0,5,75007
lefigaro,Appartement,1292000.0,107.5,12019.0,4,75013
lefigaro,Appartement,2790000.0,150.39,18552.0,5,75003
lefigaro,Appartement,500000.0,41.0,12195.0,2,75018
lefigaro,Appartement,670000.0,72.5,9241.0,3,75014
lefigaro,Appartement,998000.0,115.53,8638.0,4,75016
lefigaro,Appartement,739000.0,48.0,15396.0,2,75013
lefigaro,Appartement,770000.0,56.76,13566.0,3,75016
lefigaro,Appartement,600000.0,55.0,10909.0,2,75010
lefigaro,Appartement,850000.0,39.04,21773.0,2,75007
lefigaro,Appartement,322000.0,25.0,12880.0,1,75017
lefigaro,Appartement,740000.0,55.0,13455.0,3,75017
lefigaro,Appartement,740000.0,45.0,16444.0,2,75017
lefigaro,Appartement,800000.0,75.0,10667.0,4,75017
lefigaro,Appartement,895000.0,90.0,9944.0,4,75012
lefigaro,Appartement,3740000.0,265.0,14113.0,8,75017
lefigaro,Appartement,575000.0,46.0,12500.0,2,75011
lefigaro,Appartement,3150000.0,254.0,12402.0,5,75011
lefigaro,Appartement,395000.0,28.0,14107.0,2,75015
lefigaro,Appartement,2590000.0,220.0,11773.0,7,75017
lefigaro,Appartement,499000.0,46.0,10848.0,3,75016
lefigaro,Appartement,362000.0,24.84,14573.0,1,75013
lefigaro,Appartement,849500.0,78.71,10793.0,3,75017
lefigaro,Appartement,800000.0,70.0,11429.0,4,75017
lefigaro,Appartement,2295000.0,203.0,11305.0,7,75017
lefigaro,Appartement,1085000.0,98.04,11067.0,4,75009
lefigaro,Appartement,613000.0,44.3,13837.0,2,75013
lefigaro,Appartement,676000.0,85.0,7953.0,4,75018
lefigaro,Appartement,2100000.0,165.0,12727.0,8,75017
lefigaro,Appartement,1950000.0,175.0,11143.0,6,75017
lefigaro,Appartement,5250000.0,190.0,27632.0,8,75007
lefigaro,Appartement,355000.0,24.84,14291.0,1,75013
lefigaro,Appartement,1130000.0,78.15,14459.0,3,75007
lefigaro,Appartement,1690000.0,140.0,12071.0,5,75017
lefigaro,Appartement,480000.0,30.0,16000.0,1,75017
lefigaro,Appartement,1135000.0,68.0,16691.0,3,75003
lefigaro,Appartement,1318000.0,107.6,12249.0,4,75013
lefigaro,Appartement,345000.0,28.23,12221.0,1,75011
lefigaro,Appartement,832000.0,75.0,11093.0,3,75017
lefigaro,Appartement,850000.0,78.0,10897.0,3,75017
lefigaro,Appartement,893000.0,100.0,8930.0,5,75017
lefigaro,Appartement,520000.0,55.52,9366.0,3,75018
lefigaro,Appartement,845000.0,75.0,11267.0,4,75017
lefigaro,Appartement,2425000.0,170.19,14249.0,6,75017
lefigaro,Appartement,945000.0,70.0,13500.0,3,75017
lefigaro,Appartement,1100000.0,69.0,15942.0,3,75008
lefigaro,Appartement,2950000.0,170.0,17353.0,5,75016
lefigaro,Appartement,770000.0,75.0,10267.0,3,75017
lefigaro,Appartement,247000.0,19.0,13000.0,1,75017
lefigaro,Maison,5300000.0,415.0,12771.0,10,75006
lefigaro,Appartement,670000.0,40.0,16750.0,2,75008
lefigaro,Appartement,235000.0,15.0,15667.0,1,75017
lefigaro,Appartement,180000.0,10.0,18000.0,1,75008
lefigaro,Appartement,2230000.0,140.4,15883.0,5,75005
lefigaro,Appartement,349000.0,58.0,6017.0,2,75019
lefigaro,Appartement,540000.0,45.0,12000.0,2,75008
lefigaro,Maison,3150000.0,162.52,19382.0,7,75016
lefigaro,Appartement,663000.0,49.68,13345.0,2,75013
lefigaro,Appartement,495000.0,39.0,12692.0,2,75011
lefigaro,Appartement,750000.0,70.0,10714.0,3,75017
lefigaro,Appartement,1145000.0,93.42,12256.0,3,75015
lefigaro,Appartement,2100000.0,190.0,11053.0,5,75008
lefigaro,Appartement,675000.0,50.63,13332.0,2,75013
lefigaro,Appartement,1800000.0,175.0,10286.0,7,75017
lefigaro,Appartement,1459300.0,95.0,15361.0,5,75017
lefigaro,Appartement,620000.0,70.0,8857.0,3,75017
lefigaro,Appartement,1413160.0,100.0,14132.0,5,75017
lefigaro,Appartement,1434069.0,90.0,15934.0,5,75017
lefigaro,Appartement,840000.0,84.6,9929.0,4,75018
lefigaro,Appartement,2365000.0,192.0,12318.0,6,75017
lefigaro,Appartement,899000.0,86.0,10453.0,4,75011
lefigaro,Appartement,900000.0,92.15,9767.0,4,75012
lefigaro,Appartement,795000.0,80.67,9855.0,4,75011
lefigaro,Appartement,408000.0,28.4,14366.0,1,75013
lefigaro,Appartement,1500000.0,135.0,11111.0,6,75008
lefigaro,Appartement,4000000.0,274.0,14599.0,10,75008
lefigaro,Appartement,795000.0,77.16,10303.0,3,75017
lefigaro,Appartement,795000.0,80.67,9855.0,2,75011
lefigaro,Appartement,698000.0,48.22,14475.0,2,75013
lefigaro,Appartement,695000.0,86.46,8038.0,4,75020
lefigaro,Appartement,630000.0,81.0,7778.0,4,75020
lefigaro,Appartement,800000.0,70.23,11391.0,2,75017
lefigaro,Appartement,2600000.0,154.33,16847.0,6,75003
lefigaro,Appartement,710000.0,51.43,13805.0,2,75013
lefigaro,Appartement,990000.0,110.0,9000.0,5,75016
lefigaro,Appartement,1290000.0,87.77,14698.0,3,75006
lefigaro,Appartement,695000.0,62.0,11210.0,3,75017
lefigaro,Appartement,5750000.0,234.0,24573.0,6,75016
lefigaro,Appartement,855000.0,57.1,14974.0,2,75013
lefigaro,Appartement,395000.0,31.48,12548.0,1,75003
lefigaro,Appartement,530000.0,35.0,15143.0,2,75017
lefigaro,Appartement,185000.0,18.56,9968.0,1,75018
lefigaro,Appartement,1880000.0,142.0,13239.0,6,75008
lefigaro,Appartement,695000.0,48.22,14413.0,2,75013
lefigaro,Appartement,599000.0,50.0,11980.0,2,75017
lefigaro,Appartement,1290000.0,85.0,15176.0,4,75015
lefigaro,Appartement,1335000.0,124.0,10766.0,4,75010
lefigaro,Appartement,220000.0,17.04,12911.0,1,75017
lefigaro,Appartement,449900.0,70.0,6427.0,4,75013
lefigaro,Appartement,335000.0,26.0,12885.0,1,75017
lefigaro,Appartement,120000.0,11.0,10909.0,1,75006
lefigaro,Appartement,525000.0,51.01,10292.0,3,75012
lefigaro,Appartement,975000.0,58.82,16576.0,3,75003
lefigaro,Appartement,950000.0,96.06,9890.0,4,75010
lefigaro,Appartement,726000.0,49.68,14614.0,2,75013
lefigaro,Maison,460000.0,35.94,12799.0,3,75003
lefigaro,Appartement,235000.0,25.0,9400.0,1,75017
lefigaro,Appartement,1600000.0,144.0,11111.0,7,75017
lefigaro,Appartement,1890000.0,178.14,10610.0,6,75017
lefigaro,Appartement,706000.0,48.26,14629.0,2,75013
lefigaro,Appartement,545000.0,49.53,11003.0,3,75014
lefigaro,Appartement,225000.0,40.0,5625.0,2,75019
lefigaro,Appartement,3440000.0,164.27,20941.0,6,75007
lefigaro,Appartement,701000.0,50.3,13936.0,2,75013
lefigaro,Maison,1690000.0,172.42,9802.0,7,75014
lefigaro,Appartement,848000.0,88.0,9636.0,4,75019
lefigaro,Appartement,940000.0,59.02,15927.0,2,75004
lefigaro,Appartement,3700000.0,194.0,19072.0,7,75015
lefigaro,Appartement,887000.0,69.3,12799.0,3,75013
lefigaro,Appartement,580000.0,58.16,9972.0,2,75017
lefigaro,Appartement,2439300.0,161.33,15120.0,5,75003
lefigaro,Appartement,2650000.0,257.0,10311.0,7,75017
lefigaro,Appartement,315000.0,31.66,9949.0,1,75010
lefigaro,Appartement,646000.0,46.0,14043.0,2,75013
lefigaro,Appartement,376200.0,36.39,10338.0,1,75016
lefigaro,Appartement,288000.0,18.09,15920.0,1,75016
lefigaro,Appartement,445000.0,44.0,10114.0,2,75011
lefigaro,Appartement,1920000.0,115.15,16674.0,5,75007
lefigaro,Appartement,339000.0,43.0,7884.0,2,75018
lefigaro,Appartement,465000.0,45.07,10317.0,2,75015
lefigaro,Appartement,650000.0,66.0,9848.0,3,75016
lefigaro,Appartement,330000.0,66.0,5000.0,3,75013
lefigaro,Appartement,1550000.0,133.0,11654.0,5,75017
lefigaro,Appartement,2992500.0,159.05,18815.0,6,75007
lefigaro,Appartement,659000.0,49.68,13265.0,2,75013
lefigaro,Appartement,1400000.0,102.0,13725.0,6,75009
lefigaro,Appartement,1230000.0,90.0,13667.0,3,75016
lefigaro,Appartement,320000.0,37.0,8649.0,2,75017
lefigaro,Appartement,2500000.0,88.74,28172.0,4,75004
lefigaro,Appartement,637000.0,45.6,13969.0,2,75013
lefigaro,Maison,1295000.0,90.0,14389.0,3,75016
lefigaro,Appartement,299000.0,37.8,7910.0,3,75018
lefigaro,Appartement,449000.0,50.59,8875.0,2,75018
lefigaro,Appartement,1695000.0,135.91,12471.0,5,75014
lefigaro,Appartement,366000.0,23.3,15708.0,1,75013
lefigaro,Appartement,630000.0,45.0,14000.0,3,75017
lefigaro,Appartement,850500.0,90.57,9391.0,4,75012
lefigaro,Appartement,740000.0,70.0,10571.0,3,75016
lefigaro,Appartement,3990000.0,139.72,28557.0,5,75003
lefigaro,Appartement,580000.0,42.2,13744.0,2,75013
lefigaro,Appartement,2410000.0,172.18,13997.0,6,75008
lefigaro,Appartement,975000.0,78.0,12500.0,3,75012
lefigaro,Appartement,438900.0,38.0,11550.0,3,75003
lefigaro,Appartement,1150000.0,65.05,17679.0,2,75007
lefigaro,Appartement,570000.0,42.1,13539.0,2,75013
lefigaro,Appartement,1285000.0,135.0,9519.0,5,75017
lefigaro,Appartement,1165000.0,120.0,9708.0,3,75019
lefigaro,Appartement,1870000.0,163.62,11429.0,5,75010
lefigaro,Appartement,520000.0,57.82,8993.0,2,75013
lefigaro,Appartement,2100000.0,114.0,18421.0,4,75004
lefigaro,Appartement,900000.0,80.0,11250.0,3,75010
lefigaro,Appartement,780000.0,100.0,7800.0,3,75011
lefigaro,Appartement,1340000.0,92.1,14549.0,4,75007
lefigaro,Appartement,490000.0,44.0,11136.0,2,75018
lefigaro,Appartement,8500000.0,330.0,25758.0,7,75016
lefigaro,Appartement,1700000.0,125.4,13557.0,5,75013
lefigaro,Appartement,520000.0,51.18,10160.0,3,75015
lefigaro,Appartement,1010000.0,116.0,8707.0,4,75011
lefigaro,Appartement,1290000.0,98.79,13058.0,4,75016
lefigaro,Appartement,583000.0,42.2,13815.0,2,75013
lefigaro,Appartement,580000.0,43.56,13315.0,2,75003
lefigaro,Appartement,735000.0,70.0,10500.0,3,75017
lefigaro,Appartement,1060000.0,96.05,11036.0,4,75015
lefigaro,Appartement,3895000.0,239.22,16282.0,6,75017
lefigaro,Appartement,574000.0,42.2,13602.0,2,75013
lefigaro,Appartement,2950000.0,181.0,16298.0,6,75008
lefigaro,Appartement,756000.0,84.02,8998.0,4,75017
lefigaro,Appartement,450000.0,53.0,8491.0,2,75016
lefigaro,Appartement,1270000.0,76.0,16711.0,4,75007
lefigaro,Appartement,404000.0,28.4,14225.0,1,75013
lefigaro,Appartement,510000.0,36.34,14034.0,1,75008
lefigaro,Appartement,279000.0,30.0,9300.0,2,75017
lefigaro,Appartement,485000.0,41.87,11583.0,2,75011
lefigaro,Appartement,2580000.0,176.21,14642.0,6,75005
lefigaro,Appartement,360000.0,26.0,13846.0,1,75013
lefigaro,Appartement,4910000.0,155.03,31671.0,5,75007
lefigaro,Maison,1650000.0,116.42,14173.0,4,75015
lefigaro,Appartement,265000.0,23.23,11408.0,2,75014
lefigaro,Appartement,917000.0,50.0,18340.0,2,75003
lefigaro,Appartement,1130000.0,90.0,12556.0,4,75016
lefigaro,Appartement,630000.0,63.25,9960.0,3,75011
lefigaro,Appartement,210000.0,13.95,15054.0,1,75014
lefigaro,Appartement,1199000.0,106.5,11258.0,4,75010
lefigaro,Appartement,1499000.0,155.0,9671.0,4,75016
lefigaro,Appartement,999000.0,84.23,11860.0,3,75017
lefigaro,Appartement,397000.0,38.0,10447.0,2,75011
lefigaro,Appartement,618500.0,51.0,12127.0,2,75018
lefigaro,Appartement,850000.0,106.01,8018.0,5,75018
lefigaro,Appartement,4180000.0,285.18,14657.0,7,75016
lefigaro,Appartement,699000.0,64.0,10922.0,3,75018
lefigaro,Appartement,118687.0,18.04,6579.0,1,75018
lefigaro,Appartement,3650000.0,160.09,22800.0,6,75006
lefigaro,Appartement,1030000.0,89.07,11564.0,4,75017
lefigaro,Appartement,651000.0,46.1,14121.0,2,75013
lefigaro,Appartement,229000.0,20.0,11450.0,1,75017
lefigaro,Appartement,790000.0,56.3,14032.0,3,75003
lefigaro,Appartement,270000.0,25.0,10800.0,1,75010
lefigaro,Appartement,1200000.0,40.73,29462.0,2,75005
lefigaro,Appartement,358000.0,24.84,14412.0,1,75013
lefigaro,Maison,6500000.0,349.45,18601.0,9,75016
lefigaro,Appartement,820000.0,80.0,10250.0,4,75005
lefigaro,Appartement,349000.0,35.0,9971.0,2,75018
lefigaro,Appartement,860000.0,74.06,11612.0,4,75018
lefigaro,Appartement,392000.0,27.7,14152.0,1,75013
lefigaro,Appartement,656250.0,91.05,7208.0,4,75016
lefigaro,Appartement,7200000.0,200.0,36000.0,5,75008
lefigaro,Appartement,360000.0,48.0,7500.0,2,75020
lefigaro,Appartement,430000.0,46.0,9348.0,3,75020
lefigaro,Appartement,131495.0,20.94,6280.0,1,75019
lefigaro,Appartement,210000.0,16.08,13060.0,1,75011
lefigaro,Appartement,1890000.0,148.25,12749.0,4,75011
lefigaro,Maison,1690000.0,140.0,12071.0,6,75012
lefigaro,Appartement,1590000.0,77.2,20596.0,2,75016
lefigaro,Appartement,406000.0,28.4,14296.0,1,75013
lefigaro,Appartement,310000.0,34.34,9027.0,2,75012
lefigaro,Appartement,285000.0,26.83,10622.0,2,75018
lefigaro,Appartement,1615000.0,98.0,16480.0,4,75005
lefigaro,Appartement,1460000.0,180.83,8074.0,5,75016
lefigaro,Appartement,190000.0,18.0,10556.0,1,75010
lefigaro,Appartement,820000.0,85.3,9613.0,4,75018
lefigaro,Appartement,365000.0,34.15,10688.0,2,75018
lefigaro,Appartement,408000.0,27.9,14624.0,1,75013
lefigaro,Appartement,750000.0,74.59,10055.0,3,75018
lefigaro,Appartement,315000.0,25.04,12580.0,1,75017
lefigaro,Appartement,315000.0,34.0,9265.0,2,75015
lefigaro,Appartement,1750000.0,81.82,21388.0,4,75004
lefigaro,Appartement,1171000.0,101.2,11571.0,4,75013
lefigaro,Appartement,1450000.0,98.0,14796.0,3,75004
lefigaro,Appartement,345000.0,30.0,11500.0,2,75017
lefigaro,Appartement,1300000.0,93.7,13874.0,4,75010
lefigaro,Appartement,898000.0,71.37,12582.0,3,75002
lefigaro,Appartement,634000.0,45.8,13843.0,2,75013
lefigaro,Appartement,625000.0,60.0,10417.0,3,75015
lefigaro,Appartement,257000.0,18.37,13990.0,1,75009
lefigaro,Appartement,328000.0,31.05,10564.0,2,75009
lefigaro,Appartement,495000.0,42.0,11786.0,2,75008
lefigaro,Appartement,1090000.0,81.0,13457.0,5,75005
lefigaro,Appartement,1650000.0,74.0,22297.0,3,75002
lefigaro,Appartement,780000.0,83.92,9295.0,4,75018
lefigaro,Appartement,2080000.0,178.0,11685.0,6,75017
lefigaro,Appartement,950000.0,89.0,10674.0,4,75014
lefigaro,Appartement,3900000.0,193.04,20203.0,7,75007
lefigaro,Appartement,739000.0,48.9,15112.0,2,75013
lefigaro,Appartement,527000.0,45.0,11711.0,2,75005
lefigaro,Appartement,695000.0,90.14,7710.0,4,75019
lefigaro,Appartement,429000.0,40.0,10725.0,2,75011
lefigaro,Appartement,299000.0,24.0,12458.0,1,75013
lefigaro,Appartement,683000.0,48.7,14025.0,2,75013
lefigaro,Appartement,599000.0,51.0,11745.0,2,75002
lefigaro,Appartement,585000.0,44.36,13188.0,2,75008
lefigaro,Appartement,1650000.0,74.0,22297.0,3,75001
lefigaro,Appartement,2130000.0,153.04,13918.0,6,75005
lefigaro,Appartement,415000.0,28.5,14561.0,1,75013
lefigaro,Appartement,650000.0,51.0,12745.0,2,75017
lefigaro,Appartement,2650000.0,193.0,13731.0,5,75001
lefigaro,Appartement,1262700.0,91.0,13876.0,4,75012
lefigaro,Appartement,763000.0,76.33,9996.0,4,75015
lefigaro,Appartement,413000.0,28.5,14491.0,1,75013
lefigaro,Appartement,695000.0,51.62,13464.0,3,75016
lefigaro,Appartement,4100000.0,240.0,17083.0,6,75016
lefigaro,Appartement,219813.0,21.43,10257.0,1,75012
lefigaro,Appartement,420000.0,25.0,16800.0,1,75012
lefigaro,Appartement,500000.0,34.1,14663.0,1,75013
lefigaro,Appartement,590000.0,90.0,6556.0,5,75008
lefigaro,Appartement,440000.0,31.0,14194.0,2,75017
lefigaro,Appartement,899000.0,83.83,10724.0,4,75017
lefigaro,Appartement,225000.0,18.35,12262.0,2,75010
lefigaro,Appartement,495000.0,56.51,8760.0,2,75020
lefigaro,Appartement,635000.0,63.0,10079.0,2,75013
lefigaro,Appartement,395000.0,33.46,11805.0,2,75003
lefigaro,Appartement,225000.0,24.0,9375.0,1,75020
lefigaro,Appartement,550000.0,54.0,10185.0,3,75018
lefigaro,Appartement,2950000.0,239.5,12317.0,7,75016
lefigaro,Appartement,695000.0,49.9,13928.0,2,75014
lefigaro,Appartement,995000.0,70.4,14134.0,3,75005
lefigaro,Appartement,225000.0,24.03,9363.0,1,75014
lefigaro,Appartement,699000.0,76.0,9197.0,3,75015
lefigaro,Appartement,300000.0,18.26,16429.0,1,75007
lefigaro,Appartement,1590000.0,89.5,17765.0,4,75014
lefigaro,Appartement,208000.0,21.69,9590.0,1,75014
lefigaro,Appartement,199000.0,20.8,9567.0,1,75014
lefigaro,Appartement,384900.0,38.0,10129.0,2,75012
lefigaro,Appartement,2350000.0,132.0,17803.0,5,75007
lefigaro,Appartement,1435000.0,106.9,13424.0,5,75014
lefigaro,Appartement,724500.0,47.0,15415.0,3,75009
lefigaro,Appartement,670000.0,48.0,13958.0,2,75004
lefigaro,Appartement,314000.0,25.0,12560.0,2,75016
lefigaro,Appartement,1290000.0,109.38,11794.0,4,75015
lefigaro,Appartement,700000.0,49.9,14028.0,2,75014
lefigaro,Appartement,90000.0,11.0,8182.0,1,75006
lefigaro,Appartement,370000.0,38.0,9737.0,2,75020
lefigaro,Appartement,1500000.0,98.56,15219.0,5,75002
lefigaro,Appartement,1230000.0,69.4,17723.0,3,75014
lefigaro,Appartement,995000.0,107.0,9299.0,6,75013
lefigaro,Appartement,734000.0,85.0,8635.0,5,75019
lefigaro,Appartement,365000.0,46.0,7935.0,2,75018
lefigaro,Appartement,393900.0,48.0,8206.0,2,75011
lefigaro,Appartement,915000.0,100.0,9150.0,5,75013
lefigaro,Appartement,470000.0,63.0,7460.0,3,75013
lefigaro,Appartement,305000.0,21.9,13927.0,1,75007
lefigaro,Appartement,630000.0,67.0,9403.0,3,75013
lefigaro,Appartement,2100000.0,160.0,13125.0,7,75006
lefigaro,Appartement,1355000.0,86.53,15659.0,4,75016
lefigaro,Appartement,1640000.0,89.5,18324.0,4,75014
lefigaro,Appartement,1375000.0,111.6,12321.0,5,75016
lefigaro,Appartement,590000.0,51.0,11569.0,3,75011
lefigaro,Appartement,545000.0,54.0,10093.0,3,75019
lefigaro,Appartement,810000.0,65.12,12439.0,2,75011
lefigaro,Appartement,580000.0,32.9,17629.0,1,75014
lefigaro,Appartement,355000.0,39.0,9103.0,3,75018
lefigaro,Appartement,979000.0,71.02,13785.0,3,75014
lefigaro,Appartement,999000.0,116.0,8612.0,4,75015
lefigaro,Appartement,400000.0,31.61,12654.0,2,75011
lefigaro,Appartement,1055000.0,74.0,14257.0,3,75014
lefigaro,Appartement,995000.0,121.58,8184.0,3,75014
lefigaro,Appartement,948000.0,75.0,12640.0,5,75015
lefigaro,Appartement,970000.0,118.41,8192.0,5,75015
lefigaro,Appartement,625000.0,53.5,11682.0,2,75018
lefigaro,Appartement,700000.0,49.4,14170.0,2,75014
lefigaro,Appartement,3100000.0,156.0,19872.0,5,75008
lefigaro,Appartement,828000.0,92.62,8940.0,6,75014
lefigaro,Appartement,760000.0,43.0,17674.0,2,75014
lefigaro,Appartement,790000.0,81.05,9747.0,3,75003
lefigaro,Appartement,1280000.0,75.9,16864.0,3,75014
lefigaro,Appartement,720000.0,49.81,14455.0,3,75006
lefigaro,Appartement,690000.0,73.03,9448.0,4,75014
lefigaro,Maison,700000.0,70.21,9970.0,3,75013
lefigaro,Appartement,680000.0,55.0,12364.0,3,75015
lefigaro,Appartement,670000.0,50.0,13400.0,3,75014
lefigaro,Appartement,345000.0,38.83,8885.0,2,75013
lefigaro,Appartement,1299000.0,100.0,12990.0,5,75018
lefigaro,Appartement,430000.0,55.0,7818.0,2,75010
lefigaro,Appartement,250000.0,28.0,8929.0,2,75010
lefigaro,Appartement,1395000.0,65.17,21406.0,3,75007
lefigaro,Appartement,580000.0,33.2,17470.0,1,75014
lefigaro,Appartement,830000.0,92.0,9022.0,4,75020
lefigaro,Appartement,449000.0,42.0,10690.0,2,75015
lefigaro,Appartement,699000.0,62.5,11184.0,3,75003
lefigaro,Appartement,595000.0,87.0,6839.0,4,75019
lefigaro,Appartement,290000.0,33.56,8641.0,2,75006
lefigaro,Appartement,3300000.0,263.94,12503.0,8,75004
lefigaro,Appartement,3250000.0,184.32,17632.0,5,75008
lefigaro,Appartement,1010000.0,53.2,18985.0,2,75014
lefigaro,Appartement,1250000.0,99.86,12518.0,4,75003
lefigaro,Appartement,1690000.0,139.72,12096.0,6,75016
lefigaro,Appartement,554000.0,56.0,9893.0,3,75014
lefigaro,Appartement,1980000.0,72.19,27428.0,3,75007
lefigaro,Appartement,1220000.0,75.9,16074.0,3,75014
lefigaro,Appartement,715000.0,56.02,12763.0,3,75001
lefigaro,Appartement,665000.0,40.0,16625.0,2,75008
lefigaro,Appartement,2895000.0,200.63,14430.0,6,75015
lefigaro,Appartement,800000.0,73.88,10828.0,3,75017
lefigaro,Appartement,1830000.0,102.6,17836.0,5,75014
lefigaro,Appartement,355000.0,39.0,9103.0,3,75009
lefigaro,Appartement,1200000.0,144.0,8333.0,6,75013
lefigaro,Appartement,660000.0,51.29,12868.0,2,75003
lefigaro,Appartement,1170000.0,105.41,11100.0,4,75017
lefigaro,Appartement,369000.0,49.0,7531.0,2,75018
lefigaro,Appartement,350000.0,27.0,12963.0,1,75005
lefigaro,Appartement,780000.0,100.0,7800.0,3,75011
lefigaro,Appartement,515000.0,41.61,12377.0,2,75016
lefigaro,Appartement,595000.0,40.0,14875.0,2,75004
lefigaro,Appartement,1100000.0,107.32,10250.0,5,75016
lefigaro,Appartement,695000.0,49.4,14069.0,2,75014
lefigaro,Appartement,1248000.0,118.09,10568.0,5,75011
lefigaro,Appartement,690000.0,111.0,6216.0,4,75014
lefigaro,Maison,795000.0,66.37,11978.0,3,75018
lefigaro,Appartement,575000.0,49.81,11544.0,2,75017
lefigaro,Appartement,1045000.0,74.0,14122.0,3,75014
lefigaro,Appartement,1380000.0,93.0,14839.0,4,75016
lefigaro,Maison,1990000.0,236.0,8432.0,10,75016
lefigaro,Appartement,259000.0,26.0,9962.0,1,75015
lefigaro,Appartement,1900000.0,82.39,23061.0,4,75007
lefigaro,Appartement,840000.0,48.5,17320.0,2,75014
lefigaro,Appartement,900000.0,175.0,5143.0,6,75015
lefigaro,Appartement,1260000.0,94.0,13404.0,3,75006
lefigaro,Appartement,650000.0,61.0,10656.0,2,75009
lefigaro,Appartement,1130000.0,90.06,12547.0,4,75016
lefigaro,Appartement,960000.0,68.8,13953.0,3,75014
lefigaro,Appartement,3430000.0,185.38,18503.0,6,75016
lefigaro,Appartement,2250000.0,136.0,16544.0,4,75008
lefigaro,Appartement,2880000.0,173.16,16632.0,5,75016
lefigaro,Appartement,3850000.0,170.03,22643.0,6,75006
lefigaro,Appartement,1360000.0,100.4,13546.0,4,75014
lefigaro,Appartement,735000.0,60.0,12250.0,2,75011
lefigaro,Appartement,1850000.0,137.0,13504.0,5,75001
lefigaro,Atelier,135000.0,16.32,8272.0,1,75006
lefigaro,Appartement,315000.0,31.42,10025.0,2,75011
lefigaro,Appartement,734000.0,45.0,16311.0,2,75007
lefigaro,Appartement,1790000.0,98.2,18228.0,4,75007
lefigaro,Appartement,185000.0,35.0,5286.0,3,75004
lefigaro,Appartement,299000.0,24.0,12458.0,1,75005
lefigaro,Appartement,478000.0,57.0,8386.0,2,75018
lefigaro,Appartement,3100000.0,101.54,30530.0,3,75005
lefigaro,Appartement,2240000.0,123.9,18079.0,5,75014
lefigaro,Appartement,474000.0,58.0,8172.0,3,75013
lefigaro,Appartement,495000.0,30.03,16484.0,1,75003
lefigaro,Appartement,2895000.0,181.0,15994.0,6,75016
lefigaro,Appartement,2130000.0,153.04,13918.0,6,75005
lefigaro,Appartement,870000.0,48.5,17938.0,2,75014
lefigaro,Appartement,1850000.0,137.0,13504.0,5,75002
lefigaro,Appartement,350000.0,36.0,9722.0,2,75015
lefigaro,Appartement,2900000.0,123.62,23459.0,5,75004
lefigaro,Appartement,1720000.0,102.0,16863.0,4,75016
lefigaro,Appartement,970000.0,68.8,14099.0,3,75014
lefigaro,Appartement,871000.0,35.6,24466.0,1,75006
lefigaro,Appartement,528000.0,64.0,8250.0,3,75019
lefigaro,Appartement,249000.0,40.0,6225.0,3,75019
lefigaro,Appartement,1750000.0,93.07,18803.0,4,75007
lefigaro,Appartement,560000.0,33.2,16867.0,1,75014
lefigaro,Appartement,945000.0,108.72,8692.0,4,75015
lefigaro,Appartement,725000.0,58.78,12334.0,3,75005
lefigaro,Appartement,1790000.0,127.0,14094.0,4,75007
lefigaro,Appartement,930000.0,51.6,18023.0,2,75014
lefigaro,Appartement,839000.0,53.0,15830.0,2,75007
lefigaro,Maison,1450000.0,98.51,14719.0,6,75016
lefigaro,Appartement,1448000.0,94.0,15404.0,4,75006
lefigaro,Appartement,500000.0,29.39,17013.0,1,75007
lefigaro,Appartement,420000.0,36.0,11667.0,1,75018
lefigaro,Appartement,270000.0,36.0,7500.0,2,75018
lefigaro,Appartement,800000.0,108.0,7407.0,4,75012
lefigaro,Maison,4940000.0,416.0,11875.0,7,75017
lefigaro,Appartement,910000.0,79.28,11478.0,3,75018
lefigaro,Appartement,2395000.0,110.0,21773.0,4,75007
lefigaro,Appartement,785000.0,67.43,11642.0,3,75002
lefigaro,Appartement,648000.0,68.42,9471.0,3,75012
lefigaro,Appartement,1095000.0,96.83,11308.0,4,75015
lefigaro,Appartement,670000.0,43.49,15406.0,2,75018
lefigaro,Appartement,650000.0,50.0,13000.0,2,75016
lefigaro,Appartement,740000.0,57.0,12982.0,2,75015
lefigaro,Appartement,1250000.0,94.0,13298.0,4,75008
lefigaro,Appartement,1395000.0,80.0,17438.0,3,75016
lefigaro,Appartement,550000.0,32.9,16717.0,1,75014
lefigaro,Appartement,920000.0,65.0,14154.0,2,75017
lefigaro,Appartement,328000.0,22.0,14909.0,1,75005
lefigaro,Appartement,499000.0,50.05,9970.0,3,75008
lefigaro,Appartement,800000.0,50.2,15936.0,2,75016
lefigaro,Appartement,780000.0,45.7,17068.0,2,75014
lefigaro,Appartement,1800000.0,98.46,18282.0,4,75004
lefigaro,Appartement,245000.0,25.58,9578.0,2,75018
lefigaro,Appartement,649000.0,36.0,18028.0,2,75001
lefigaro,Appartement,1265000.0,111.55,11340.0,4,75016
lefigaro,Appartement,1870000.0,102.6,18226.0,5,75014
lefigaro,Appartement,790000.0,77.0,10260.0,3,75016
lefigaro,Appartement,565000.0,55.0,10273.0,3,75017
lefigaro,Appartement,745000.0,66.0,11288.0,3,75015
lefigaro,Appartement,1000000.0,58.0,17241.0,3,75004
lefigaro,Appartement,297000.0,18.0,16500.0,1,75007
lefigaro,Appartement,600000.0,44.31,13541.0,1,75007
lefigaro,Appartement,698000.0,84.0,8310.0,3,75011
lefigaro,Appartement,1235000.0,101.26,12196.0,4,75010
lefigaro,Appartement,420000.0,45.02,9329.0,2,75014
lefigaro,Appartement,440000.0,24.03,18310.0,1,75007
lefigaro,Appartement,1040000.0,55.6,18705.0,2,75014
lefigaro,Appartement,1295000.0,87.31,14832.0,4,75004
lefigaro,Appartement,300000.0,27.96,10730.0,1,75012
lefigaro,Appartement,279500.0,27.0,10352.0,2,75017
lefigaro,Appartement,930000.0,83.0,11205.0,4,75015
lefigaro,Appartement,1250000.0,75.9,16469.0,3,75014
lefigaro,Appartement,2499000.0,132.0,18932.0,5,75016
lefigaro,Maison,2499000.0,132.0,18932.0,5,75016
lefigaro,Appartement,550000.0,66.0,8333.0,3,75013
lefigaro,Appartement,945000.0,54.55,17324.0,2,75006
lefigaro,Appartement,570000.0,32.9,17325.0,1,75014
lefigaro,Appartement,375000.0,36.0,10417.0,2,75018
lefigaro,Appartement,199000.0,29.34,6783.0,2,75017
lefigaro,Appartement,850000.0,90.0,9444.0,4,75016
lefigaro,Appartement,1039000.0,65.05,15972.0,3,75001
lefigaro,Appartement,1350000.0,76.5,17647.0,3,75014
lefigaro,Appartement,995000.0,50.72,19618.0,3,75006
lefigaro,Appartement,3600000.0,282.0,12766.0,9,75008
lefigaro,Appartement,1050000.0,99.0,10606.0,5,75015
lefigaro,Maison,1998000.0,145.0,13779.0,6,75013
lefigaro,Appartement,1350000.0,76.4,17670.0,3,75014
lefigaro,Appartement,599000.0,64.0,9359.0,3,75015
lefigaro,Appartement,699000.0,67.0,10433.0,3,75018
lefigaro,Appartement,1100000.0,134.64,8170.0,4,75020
lefigaro,Appartement,750000.0,250.0,3000.0,7,75015
lefigaro,Appartement,705000.0,86.52,8148.0,3,75015
lefigaro,Appartement,600000.0,69.0,8696.0,4,75013
lefigaro,Appartement,600000.0,69.0,8696.0,4,75013
lefigaro,Appartement,1150000.0,90.03,12774.0,3,75020
lefigaro,Appartement,1045000.0,107.44,9726.0,5,75015
lefigaro,Appartement,1330000.0,57.19,23256.0,3,75007
lefigaro,Appartement,1010000.0,54.9,18397.0,2,75014
lefigaro,Appartement,975000.0,102.19,9541.0,6,75016
lefigaro,Appartement,829000.0,62.0,13371.0,3,75016
lefigaro,Appartement,750000.0,96.0,7813.0,4,75011
lefigaro,Appartement,2400000.0,185.02,12972.0,7,75008
lefigaro,Appartement,880000.0,49.5,17778.0,2,75014
lefigaro,Appartement,315000.0,21.0,15000.0,1,75007
lefigaro,Appartement,1000000.0,73.0,13699.0,4,75007
lefigaro,Maison,2499000.0,132.0,18932.0,5,75017
lefigaro,Appartement,2450000.0,155.44,15762.0,6,75007
lefigaro,Appartement,1230000.0,66.4,18524.0,3,75014
lefigaro,Appartement,380000.0,21.61,17584.0,1,75004
lefigaro,Appartement,441000.0,35.0,12600.0,1,75018
lefigaro,Appartement,550000.0,72.3,7607.0,3,75013
lefigaro,Appartement,820000.0,75.4,10875.0,4,75011
lefigaro,Appartement,960000.0,55.0,17455.0,2,75014
lefigaro,Appartement,550000.0,51.07,10770.0,2,75017
lefigaro,Appartement,1750000.0,126.0,13889.0,5,75016
lefigaro,Appartement,449000.0,52.0,8635.0,2,75015
lefigaro,Appartement,2250000.0,95.15,23647.0,3,75004
lefigaro,Appartement,685000.0,49.4,13866.0,2,75014
lefigaro,Appartement,1250000.0,168.0,7440.0,3,75019
lefigaro,Appartement,1250000.0,168.0,7440.0,3,75019
lefigaro,Appartement,222250.0,31.73,7004.0,2,75017
lefigaro,Appartement,622000.0,71.52,8697.0,4,75015
lefigaro,Appartement,634000.0,52.93,11978.0,3,75012
lefigaro,Appartement,562000.0,63.42,8862.0,3,75020
lefigaro,Appartement,495000.0,33.04,14982.0,1,75003
lefigaro,Appartement,990000.0,77.31,12806.0,4,75004
lefigaro,Appartement,650000.0,63.11,10299.0,2,75010
lefigaro,Appartement,1125000.0,92.79,12124.0,4,75017
lefigaro,Appartement,1130000.0,63.4,17823.0,3,75014
lefigaro,Appartement,624000.0,51.0,12235.0,2,75003
lefigaro,Appartement,2300000.0,127.0,18110.0,5,75007
lefigaro,Appartement,233000.0,26.0,8962.0,1,75019
lefigaro,Appartement,489000.0,50.3,9722.0,3,75015
lefigaro,Appartement,1020000.0,54.2,18819.0,2,75014
lefigaro,Appartement,695000.0,60.0,11583.0,3,75016
lefigaro,Appartement,199000.0,18.0,11056.0,1,75014
lefigaro,Appartement,799000.0,49.9,16012.0,2,75009
lefigaro,Appartement,460000.0,19.31,23822.0,1,75007
lefigaro,Appartement,1010000.0,55.0,18364.0,2,75014
lefigaro,Appartement,600000.0,55.0,10909.0,3,75011
lefigaro,Appartement,1000000.0,71.0,14085.0,4,75015
lefigaro,Appartement,200000.0,16.0,12500.0,1,75018
lefigaro,Appartement,1790000.0,98.2,18228.0,5,75007
lefigaro,Appartement,770000.0,45.7,16849.0,2,75014
lefigaro,Maison,1980000.0,166.4,11899.0,6,75017
lefigaro,Appartement,518500.0,53.01,9781.0,2,75015
lefigaro,Appartement,610000.0,52.0,11731.0,3,75005
lefigaro,Appartement,650000.0,80.09,8116.0,3,75015
lefigaro,Appartement,1320000.0,76.5,17255.0,3,75014
lefigaro,Appartement,999000.0,90.0,11100.0,4,75003
lefigaro,Appartement,385000.0,27.2,14154.0,1,75008
lefigaro,Appartement,1549000.0,120.24,12883.0,5,75016
lefigaro,Appartement,270000.0,26.0,10385.0,1,75011
lefigaro,Appartement,608000.0,52.0,11692.0,3,75011
lefigaro,Appartement,730000.0,60.0,12167.0,3,75003
lefigaro,Appartement,345000.0,35.0,9857.0,2,75009
lefigaro,Appartement,849000.0,72.23,11754.0,3,75016
lefigaro,Appartement,617000.0,64.0,9641.0,3,75016
lefigaro,Appartement,990000.0,60.0,16500.0,3,75017
lefigaro,Appartement,1330000.0,76.4,17408.0,3,75014
lefigaro,Appartement,550000.0,53.0,10377.0,3,75018
lefigaro,Appartement,399000.0,36.21,11019.0,1,75015
lefigaro,Appartement,680000.0,43.21,15737.0,2,75008
lefigaro,Appartement,2090000.0,145.35,14379.0,6,75016
lefigaro,Appartement,1690000.0,96.6,17495.0,5,75014
lefigaro,Appartement,369000.0,35.0,10543.0,2,75010
lefigaro,Appartement,770000.0,58.0,13276.0,3,75003
lefigaro,Appartement,950000.0,79.51,11948.0,3,75017
lefigaro,Appartement,1450000.0,130.75,11090.0,5,75017
lefigaro,Appartement,880000.0,48.5,18144.0,2,75014
lefigaro,Appartement,194500.0,15.35,12671.0,1,75016
lefigaro,Appartement,525000.0,39.01,13458.0,2,75001
lefigaro,Appartement,357000.0,44.5,8022.0,2,75019
lefigaro,Appartement,3350000.0,122.18,27419.0,5,75006
lefigaro,Appartement,735000.0,49.48,14854.0,2,75003
lefigaro,Appartement,314400.0,34.26,9177.0,2,75015
lefigaro,Appartement,900000.0,85.0,10588.0,4,75014
lefigaro,Appartement,790000.0,62.07,12728.0,3,75011
lefigaro,Appartement,1210000.0,69.4,17435.0,3,75014
lefigaro,Appartement,531968.0,69.58,7645.0,4,75014
lefigaro,Appartement,774500.0,82.76,9358.0,3,75011
lefigaro,Appartement,920000.0,93.09,9883.0,3,75011
lefigaro,Appartement,368000.0,40.0,9200.0,1,75015
lefigaro,Appartement,1365000.0,180.0,7583.0,6,75016
lefigaro,Appartement,1390000.0,67.27,20663.0,3,75018
lefigaro,Appartement,1295000.0,84.3,15362.0,3,75016
lefigaro,Appartement,795000.0,36.03,22065.0,2,75016
lefigaro,Appartement,399000.0,44.0,9068.0,3,75010
lefigaro,Appartement,292000.0,24.95,11703.0,2,75016
lefigaro,Appartement,590000.0,33.2,17771.0,1,75014
lefigaro,Appartement,520000.0,56.0,9286.0,2,75016
lefigaro,Appartement,2650000.0,195.1,13583.0,6,75016
lefigaro,Appartement,350000.0,37.0,9459.0,2,75015
lefigaro,Appartement,375000.0,35.88,10452.0,1,75015
lefigaro,Appartement,1630000.0,95.4,17086.0,4,75014
lefigaro,Appartement,924000.0,97.0,9526.0,4,75016
lefigaro,Appartement,2250000.0,160.0,14063.0,4,75016
lefigaro,Appartement,695000.0,53.45,13003.0,3,75018
lefigaro,Appartement,750000.0,43.2,17361.0,2,75007
lefigaro,Appartement,1170000.0,75.9,15415.0,3,75014
lefigaro,Appartement,1290000.0,96.58,13357.0,4,75010
lefigaro,Appartement,695000.0,64.0,10859.0,3,75010
lefigaro,Appartement,215000.0,40.0,5375.0,3,75016
lefigaro,Appartement,1260000.0,103.04,12228.0,3,75008
lefigaro,Appartement,2140000.0,117.5,18213.0,5,75014
lefigaro,Appartement,780000.0,31.5,24762.0,1,75006
lefigaro,Appartement,440000.0,42.0,10476.0,2,75018
lefigaro,Appartement,1495000.0,150.25,9950.0,6,75010
lefigaro,Appartement,1700000.0,90.1,18868.0,5,75008
lefigaro,Appartement,355000.0,30.0,11833.0,1,75017
lefigaro,Appartement,245000.0,17.8,13764.0,1,75017
lefigaro,Appartement,775000.0,47.0,16489.0,2,75008
lefigaro,Appartement,1465000.0,141.83,10329.0,7,75019
lefigaro,Appartement,119000.0,11.0,10818.0,1,75020
lefigaro,Appartement,865000.0,102.04,8477.0,5,75010
lefigaro,Appartement,990000.0,105.3,9402.0,3,75016
lefigaro,Appartement,130000.0,12.0,10833.0,1,75006
lefigaro,Appartement,3000000.0,220.0,13636.0,7,75016
lefigaro,Appartement,250000.0,35.41,7060.0,2,75019
lefigaro,Appartement,1290000.0,76.4,16885.0,3,75014
lefigaro,Appartement,160000.0,15.0,10667.0,1,75018
lefigaro,Appartement,550000.0,70.0,7857.0,4,75018
lefigaro,Appartement,960000.0,94.17,10194.0,4,75016
lefigaro,Appartement,2300000.0,173.7,13241.0,6,75008
lefigaro,Appartement,1720000.0,96.6,17805.0,5,75014
lefigaro,Appartement,1690000.0,126.43,13367.0,5,75017
lefigaro,Appartement,949000.0,62.0,15306.0,2,75012
lefigaro,Appartement,1249000.0,100.0,12490.0,4,75017
lefigaro,Appartement,3790000.0,193.05,19632.0,5,75008
lefigaro,Appartement,1770000.0,102.6,17251.0,5,75014
lefigaro,Appartement,315000.0,46.0,6848.0,2,75018
lefigaro,Appartement,755000.0,69.0,10942.0,3,75011
lefigaro,Appartement,159000.0,11.0,14455.0,1,75010
lefigaro,Appartement,2490000.0,164.0,15183.0,6,75014
lefigaro,Appartement,740000.0,45.7,16193.0,2,75014
lefigaro,Appartement,1599000.0,123.34,12964.0,5,75011
lefigaro,Appartement,180000.0,15.78,11407.0,1,75016
lefigaro,Appartement,470000.0,45.0,10444.0,2,75015
lefigaro,Appartement,840000.0,55.41,15160.0,2,75007
lefigaro,Appartement,1425000.0,106.9,13330.0,5,75014
lefigaro,Appartement,630000.0,71.0,8873.0,2,75015
lefigaro,Appartement,225000.0,16.26,13838.0,1,75003
lefigaro,Appartement,1295000.0,150.0,8633.0,5,75015
lefigaro,Appartement,160000.0,11.0,14545.0,1,75006
lefigaro,Appartement,549000.0,57.0,9632.0,2,75018
lefigaro,Appartement,115000.0,10.0,11500.0,1,75011
lefigaro,Appartement,1100000.0,128.3,8574.0,5,75011
lefigaro,Appartement,1290000.0,96.01,13436.0,4,75001
lefigaro,Appartement,965000.0,88.0,10966.0,3,75016
lefigaro,Appartement,1490000.0,85.1,17509.0,4,75014
lefigaro,Appartement,725000.0,65.04,11147.0,3,75002
lefigaro,Appartement,160000.0,15.0,10667.0,1,75018
lefigaro,Appartement,451500.0,42.12,10719.0,2,75012
lefigaro,Appartement,1150000.0,75.0,15333.0,4,75009
lefigaro,Appartement,470000.0,35.7,13165.0,2,75014
lefigaro,Maison,995000.0,92.5,10757.0,4,75017
lefigaro,Appartement,1200000.0,96.03,12496.0,4,75016
lefigaro,Appartement,690000.0,75.0,9200.0,4,75010
lefigaro,Maison,2890000.0,194.03,14895.0,6,75018
lefigaro,Appartement,1345000.0,100.4,13396.0,4,75014
lefigaro,Appartement,2750000.0,249.0,11044.0,8,75017
lefigaro,Maison,2750000.0,189.0,14550.0,7,75018
lefigaro,Appartement,280000.0,19.0,14737.0,1,75006
lefigaro,Appartement,749000.0,45.31,16531.0,2,75005
lefigaro,Appartement,950000.0,68.8,13808.0,3,75014
lefigaro,Appartement,1350000.0,72.62,18590.0,3,75001
lefigaro,Appartement,280000.0,19.0,14737.0,1,75007
lefigaro,Appartement,825000.0,75.0,11000.0,3,75016
lefigaro,Appartement,720000.0,54.39,13238.0,3,75010
lefigaro,Appartement,490000.0,25.5,19216.0,1,75014
lefigaro,Appartement,1315000.0,121.34,10837.0,3,75016
lefigaro,Appartement,2798000.0,235.55,11879.0,6,75016
lefigaro,Appartement,875000.0,66.06,13246.0,3,75017
lefigaro,Appartement,1295000.0,83.0,15602.0,4,75018
lefigaro,Appartement,1260000.0,86.63,14545.0,3,75006
lefigaro,Appartement,2200000.0,171.0,12865.0,4,75016
lefigaro,Appartement,1890000.0,140.72,13431.0,4,75016
lefigaro,Appartement,1800000.0,96.0,18750.0,4,75003
lefigaro,Appartement,630000.0,41.19,15295.0,3,75006
lefigaro,Appartement,1850000.0,230.0,8043.0,8,75009
lefigaro,Appartement,1040000.0,60.3,17247.0,3,75014
lefigaro,Appartement,559000.0,45.0,12422.0,2,75003
lefigaro,Appartement,420000.0,31.0,13548.0,2,75010
lefigaro,Appartement,1075000.0,86.29,12458.0,4,75017
lefigaro,Appartement,1960000.0,184.97,10596.0,6,75009
lefigaro,Appartement,1640000.0,96.6,16977.0,5,75014
lefigaro,Appartement,680000.0,58.0,11724.0,3,75016
lefigaro,Appartement,750000.0,89.0,8427.0,4,75020
lefigaro,Appartement,699000.0,56.26,12424.0,3,75016
lefigaro,Appartement,849000.0,60.05,14138.0,3,75009
lefigaro,Appartement,899900.0,63.93,14076.0,3,75012
lefigaro,Appartement,660000.0,79.0,8354.0,4,75017
lefigaro,Appartement,471000.0,42.0,11214.0,2,75010
lefigaro,Appartement,630000.0,63.34,9946.0,3,75018
lefigaro,Appartement,235000.0,31.39,7486.0,1,75019
lefigaro,Appartement,1399900.0,100.28,13960.0,4,75012
lefigaro,Appartement,624000.0,49.0,12735.0,2,75007
lefigaro,Appartement,660000.0,50.0,13200.0,2,75016
lefigaro,Appartement,808500.0,93.0,8694.0,3,75016
lefigaro,Appartement,3900000.0,193.0,20207.0,7,75007
lefigaro,Appartement,895000.0,72.07,12418.0,3,75016
lefigaro,Appartement,780000.0,59.63,13081.0,3,75016
lefigaro,Appartement,895000.0,76.9,11638.0,4,75018
lefigaro,Appartement,899000.0,54.3,16556.0,3,75004
lefigaro,Appartement,770000.0,72.5,10621.0,3,75017
lefigaro,Appartement,1350000.0,172.0,7849.0,6,75011
lefigaro,Appartement,695000.0,61.09,11377.0,2,75017
lefigaro,Appartement,650000.0,48.0,13542.0,2,75016
lefigaro,Appartement,320000.0,27.15,11786.0,2,75017
lefigaro,Appartement,1400000.0,107.9,12975.0,5,75008
lefigaro,Appartement,930000.0,56.1,16578.0,3,75014
lefigaro,Appartement,650000.0,53.06,12250.0,2,75016
lefigaro,Appartement,1150000.0,101.48,11332.0,4,75015
lefigaro,Appartement,340000.0,40.0,8500.0,2,75014
lefigaro,Appartement,1390000.0,88.01,15794.0,4,75014
lefigaro,Appartement,1716000.0,119.17,14400.0,5,75006
lefigaro,Appartement,340000.0,19.27,17644.0,1,75004
lefigaro,Appartement,289000.0,23.0,12565.0,1,75002
lefigaro,Appartement,1095000.0,50.56,21657.0,3,75006
lefigaro,Appartement,870000.0,52.36,16616.0,3,75014
lefigaro,Appartement,785000.0,97.0,8093.0,4,75020
lefigaro,Appartement,2000000.0,139.0,14388.0,5,75008
lefigaro,Appartement,393000.0,45.0,8733.0,2,75017
lefigaro,Appartement,1720000.0,90.75,18953.0,3,75007
lefigaro,Appartement,1458000.0,86.38,16879.0,4,75014
lefigaro,Appartement,2950000.0,154.21,19130.0,5,75007
lefigaro,Appartement,395000.0,47.0,8404.0,2,75015
lefigaro,Appartement,730000.0,48.15,15161.0,2,75007
lefigaro,Appartement,932000.0,52.79,17655.0,2,75014
lefigaro,Appartement,505000.0,59.0,8559.0,2,75013
lefigaro,Appartement,552500.0,81.39,6788.0,4,75018
lefigaro,Appartement,193000.0,17.0,11353.0,1,75010
lefigaro,Appartement,1295000.0,266.0,4868.0,7,75007
lefigaro,Appartement,608800.0,65.0,9366.0,3,75015
lefigaro,Appartement,556500.0,38.0,14645.0,2,75006
lefigaro,Appartement,450000.0,48.97,9189.0,3,75010
lefigaro,Maison,1799000.0,226.0,7960.0,9,75015
lefigaro,Appartement,499000.0,50.0,9980.0,3,75018
lefigaro,Appartement,395000.0,22.7,17401.0,1,75014
lefigaro,Appartement,1345000.0,196.34,6850.0,8,75010
lefigaro,Appartement,528000.0,82.0,6439.0,4,75013
lefigaro,Appartement,795000.0,74.16,10720.0,4,75017
lefigaro,Appartement,1210000.0,50.05,24176.0,2,75007
lefigaro,Appartement,465000.0,57.01,8156.0,2,75016
lefigaro,Appartement,1040000.0,102.0,10196.0,4,75016
lefigaro,Appartement,744000.0,70.1,10613.0,3,75016
lefigaro,Appartement,550000.0,30.08,18285.0,1,75007
lefigaro,Appartement,790000.0,52.4,15076.0,2,75014
lefigaro,Appartement,565000.0,56.0,10089.0,2,75008
lefigaro,Appartement,1345000.0,196.34,6850.0,8,75011
lefigaro,Appartement,300000.0,30.0,10000.0,1,75017
lefigaro,Appartement,875000.0,55.02,15903.0,2,75007
lefigaro,Appartement,1046000.0,65.9,15873.0,3,75014
lefigaro,Appartement,400000.0,43.0,9302.0,2,75018
lefigaro,Maison,1550000.0,132.0,11742.0,5,75011
lefigaro,Appartement,1395000.0,111.02,12565.0,3,75011
lefigaro,Appartement,1087000.0,83.0,13096.0,4,75013
lefigaro,Appartement,485000.0,49.08,9882.0,2,75019
lefigaro,Appartement,1550000.0,132.0,11742.0,5,75011
lefigaro,Appartement,245000.0,25.0,9800.0,2,75011
lefigaro,Appartement,390000.0,38.0,10263.0,2,75018
lefigaro,Appartement,785000.0,97.0,8093.0,4,75020
lefigaro,Appartement,1120000.0,99.0,11313.0,5,75018
lefigaro,Appartement,1220000.0,120.0,10167.0,3,75018
lefigaro,Appartement,1690000.0,145.0,11655.0,5,75007
lefigaro,Appartement,630000.0,50.09,12577.0,2,75003
lefigaro,Appartement,850000.0,58.5,14530.0,3,75005
lefigaro,Appartement,355000.0,23.0,15435.0,2,75004
lefigaro,Appartement,449000.0,47.0,9553.0,3,75013
lefigaro,Appartement,840000.0,70.57,11903.0,3,75015
lefigaro,Appartement,1850000.0,87.79,21073.0,3,75006
lefigaro,Appartement,1660000.0,115.0,14435.0,5,75013
lefigaro,Appartement,6400000.0,275.0,23273.0,7,75016
lefigaro,Appartement,225000.0,16.16,13923.0,1,75017
lefigaro,Appartement,495000.0,43.84,11291.0,2,75008
lefigaro,Appartement,610000.0,61.25,9959.0,3,75014
lefigaro,Appartement,349000.0,25.0,13960.0,1,75013
lefigaro,Appartement,714000.0,77.3,9237.0,4,75012
lefigaro,Appartement,1150000.0,66.92,17185.0,3,75018
lefigaro,Appartement,1320000.0,101.0,13069.0,3,75016
lefigaro,Maison,2300000.0,150.0,15333.0,5,75015
lefigaro,Appartement,580000.0,43.56,13315.0,2,75003
lefigaro,Appartement,567000.0,46.0,12326.0,2,75003
lefigaro,Appartement,95000.0,9.07,10474.0,1,75016
lefigaro,Appartement,1030000.0,77.23,13337.0,3,75001
lefigaro,Appartement,415000.0,43.0,9651.0,2,75020
lefigaro,Appartement,455000.0,26.62,17092.0,1,75008
lefigaro,Appartement,393000.0,37.0,10622.0,2,75002
lefigaro,Appartement,1650000.0,152.0,10855.0,5,75017
lefigaro,Appartement,495000.0,47.43,10436.0,3,75017
lefigaro,Appartement,599000.0,55.33,10826.0,3,75018
lefigaro,Appartement,1390000.0,107.0,12991.0,5,75009
lefigaro,Appartement,2400000.0,213.0,11268.0,7,75016
lefigaro,Appartement,2995000.0,226.95,13197.0,7,75011
lefigaro,Appartement,711000.0,83.2,8546.0,5,75018
lefigaro,Appartement,580000.0,52.0,11154.0,3,75015
lefigaro,Appartement,165000.0,13.0,12692.0,1,75006
lefigaro,Appartement,510000.0,39.93,12772.0,2,75003
lefigaro,Appartement,1450000.0,97.59,14858.0,4,75002
lefigaro,Appartement,331000.0,36.0,9194.0,2,75018
lefigaro,Appartement,779000.0,68.0,11456.0,4,75014
lefigaro,Appartement,665000.0,63.0,10556.0,4,75011
lefigaro,Appartement,460600.0,50.0,9212.0,2,75019
lefigaro,Appartement,1300000.0,113.0,11504.0,4,75016
lefigaro,Appartement,340000.0,36.0,9444.0,2,75018
lefigaro,Appartement,470000.0,77.76,6044.0,3,75016
lefigaro,Appartement,663000.0,63.36,10464.0,3,75006
lefigaro,Appartement,345000.0,25.0,13800.0,2,75017
lefigaro,Maison,1180000.0,146.43,8058.0,6,75020
lefigaro,Appartement,627000.0,72.2,8684.0,4,75018
lefigaro,Appartement,880000.0,69.51,12660.0,5,75004
lefigaro,Appartement,345000.0,25.0,13800.0,2,75009
lefigaro,Appartement,345000.0,25.0,13800.0,2,75018
lefigaro,Appartement,479000.0,50.08,9565.0,3,75011
lefigaro,Appartement,457000.0,49.2,9289.0,3,75018
lefigaro,Appartement,455000.0,33.0,13788.0,2,75008
lefigaro,Appartement,795000.0,75.0,10600.0,3,75016
lefigaro,Appartement,1990000.0,185.37,10735.0,5,75017
lefigaro,Appartement,1330000.0,84.73,15697.0,4,75006
lefigaro,Appartement,640000.0,63.0,10159.0,2,75016
lefigaro,Appartement,332000.0,31.0,10710.0,1,75015
lefigaro,Appartement,618500.0,50.31,12294.0,2,75018
lefigaro,Appartement,1260000.0,182.0,6923.0,5,75011
lefigaro,Appartement,687500.0,68.61,10020.0,3,75020
lefigaro,Appartement,748800.0,75.76,9884.0,3,75014
lefigaro,Appartement,504000.0,58.0,8690.0,3,75018
lefigaro,Appartement,449000.0,41.0,10951.0,2,75011
lefigaro,Appartement,980000.0,54.0,18148.0,2,75008
lefigaro,Appartement,1230000.0,88.17,13950.0,4,75009
lefigaro,Appartement,1690000.0,120.0,14083.0,5,75009
lefigaro,Appartement,438000.0,49.2,8902.0,3,75018
lefigaro,Appartement,148000.0,16.7,8862.0,1,75015
lefigaro,Appartement,1207500.0,78.0,15481.0,3,75018
lefigaro,Appartement,2490000.0,215.54,11552.0,7,75017
lefigaro,Appartement,632000.0,72.2,8753.0,4,75018
lefigaro,Appartement,270000.0,24.0,11250.0,1,75009
lefigaro,Appartement,214000.0,13.85,15451.0,1,75017
lefigaro,Appartement,495000.0,43.03,11504.0,2,75016
lefigaro,Maison,1300000.0,141.0,9220.0,5,75018
lefigaro,Appartement,321000.0,36.0,8917.0,2,75018
lefigaro,Appartement,1400000.0,95.83,14609.0,4,75016
lefigaro,Appartement,339000.0,36.7,9237.0,2,75015
lefigaro,Appartement,520000.0,48.0,10833.0,2,75016
lefigaro,Appartement,1575000.0,80.58,19546.0,3,75002
lefigaro,Appartement,470000.0,49.2,9553.0,3,75018
lefigaro,Appartement,160000.0,10.3,15534.0,1,75007
lefigaro,Appartement,580000.0,50.0,11600.0,2,75015
lefigaro,Appartement,570000.0,66.0,8636.0,2,75014
lefigaro,Appartement,1890000.0,158.0,11962.0,6,75009
lefigaro,Appartement,850000.0,100.0,8500.0,3,75003
lefigaro,Appartement,598000.0,56.0,10679.0,3,75015
lefigaro,Appartement,499000.0,52.0,9596.0,2,75011
lefigaro,Chambre,159000.0,16.0,9938.0,2,75017
lefigaro,Appartement,283500.0,30.0,9450.0,1,75016
lefigaro,Appartement,5400000.0,159.0,33962.0,5,75007
lefigaro,Appartement,349000.0,36.0,9694.0,2,75018
lefigaro,Appartement,330000.0,36.0,9167.0,2,75010
lefigaro,Appartement,494000.0,44.8,11027.0,2,75018
lefigaro,Appartement,699000.0,62.32,11216.0,3,75010
lefigaro,Appartement,342500.0,27.69,12369.0,1,75016
lefigaro,Appartement,817000.0,94.8,8618.0,4,75018
lefigaro,Appartement,570000.0,47.0,12128.0,2,75017
lefigaro,Appartement,950000.0,76.0,12500.0,4,75011
lefigaro,Appartement,795000.0,56.44,14086.0,2,75016
lefigaro,Appartement,1580000.0,154.1,10253.0,7,75017
lefigaro,Appartement,425000.0,49.2,8638.0,3,75018
lefigaro,Appartement,390000.0,48.51,8040.0,2,75019
lefigaro,Appartement,2700000.0,170.0,15882.0,5,75003
lefigaro,Appartement,700000.0,56.0,12500.0,3,75016
lefigaro,Appartement,2980000.0,284.38,10479.0,9,75017
lefigaro,Appartement,487058.0,72.4,6727.0,4,75018
lefigaro,Appartement,839000.0,60.07,13967.0,2,75008
lefigaro,Appartement,519000.0,58.7,8842.0,3,75011
lefigaro,Appartement,2415000.0,223.0,10830.0,6,75017
lefigaro,Appartement,1850000.0,155.0,11935.0,6,75017
lefigaro,Appartement,1550000.0,139.6,11103.0,5,75020
lefigaro,Appartement,1395000.0,118.0,11822.0,4,75016
lefigaro,Appartement,450000.0,43.0,10465.0,2,75005
lefigaro,Appartement,550000.0,68.0,8088.0,3,75018
lefigaro,Appartement,310000.0,31.76,9761.0,2,75018
lefigaro,Appartement,475000.0,30.7,15472.0,2,75006
lefigaro,Appartement,235000.0,24.0,9792.0,1,75018
lefigaro,Appartement,412000.0,41.0,10049.0,2,75010
lefigaro,Appartement,364500.0,37.0,9851.0,2,75015
lefigaro,Maison,1220000.0,98.2,12424.0,4,75020
lefigaro,Appartement,179360.0,19.0,9440.0,1,75020
lefigaro,Appartement,3850000.0,168.0,22917.0,6,75007
lefigaro,Appartement,398000.0,43.51,9147.0,3,75019
lefigaro,Appartement,1190000.0,86.43,13768.0,3,75008
lefigaro,Appartement,1650000.0,103.9,15881.0,4,75017
lefigaro,Appartement,749000.0,58.12,12887.0,3,75016
lefigaro,Appartement,604200.0,68.74,8790.0,2,75017
lefigaro,Appartement,910000.0,80.0,11375.0,4,75019
lefigaro,Appartement,2400000.0,180.22,13317.0,5,75016
lefigaro,Appartement,596000.0,49.0,12163.0,2,75017
lefigaro,Appartement,1235000.0,101.26,12196.0,4,75009
lefigaro,Appartement,679000.0,60.0,11317.0,3,75016
lefigaro,Appartement,936000.0,68.55,13654.0,3,75006
lefigaro,Appartement,835000.0,54.53,15313.0,3,75007
lefigaro,Appartement,540000.0,39.2,13776.0,1,75017
lefigaro,Appartement,1350000.0,119.5,11297.0,5,75011
lefigaro,Appartement,420000.0,40.31,10419.0,2,75018
lefigaro,Appartement,545000.0,51.0,10686.0,3,75012
lefigaro,Appartement,630000.0,41.03,15355.0,2,75007
lefigaro,Appartement,476000.0,38.1,12493.0,1,75017
lefigaro,Appartement,339000.0,36.41,9311.0,2,75015
lefigaro,Appartement,890000.0,77.35,11506.0,3,75003
lefigaro,Appartement,1235000.0,101.26,12196.0,4,75002
lefigaro,Appartement,593000.0,54.0,10981.0,3,75014
lefigaro,Appartement,489000.0,52.0,9404.0,3,75015
lefigaro,Appartement,330000.0,42.0,7857.0,2,75018
lefigaro,Appartement,250000.0,26.1,9579.0,2,75018
lefigaro,Appartement,1590000.0,132.0,12045.0,5,75009
lefigaro,Appartement,215000.0,17.52,12272.0,1,75016
lefigaro,Appartement,1300000.0,78.52,16556.0,3,75007
lefigaro,Appartement,1250000.0,105.2,11882.0,4,75017
lefigaro,Appartement,685000.0,72.85,9403.0,3,75012
lefigaro,Appartement,145000.0,35.0,4143.0,2,75004
lefigaro,Appartement,635000.0,54.0,11759.0,2,75004
lefigaro,Appartement,3100000.0,226.0,13717.0,7,75016
lefigaro,Appartement,1015000.0,81.5,12454.0,3,75017
lefigaro,Appartement,230000.0,26.68,8621.0,1,75017
lefigaro,Appartement,329000.0,60.0,5483.0,2,75004
lefigaro,Appartement,940000.0,59.02,15927.0,2,75004
lefigaro,Appartement,1015000.0,87.7,11574.0,3,75017
lefigaro,Appartement,1390000.0,146.0,9521.0,6,75014
lefigaro,Appartement,125000.0,9.0,13889.0,1,75017
lefigaro,Appartement,468000.0,52.0,9000.0,2,75010
lefigaro,Appartement,665000.0,58.81,11308.0,2,75002
lefigaro,Appartement,470000.0,38.1,12336.0,1,75017
lefigaro,Appartement,1222626.0,94.9,12883.0,3,75016
lefigaro,Appartement,630000.0,50.0,12600.0,2,75002
lefigaro,Appartement,7400000.0,270.0,27407.0,7,75016
lefigaro,Appartement,3395000.0,280.0,12125.0,7,75017
lefigaro,Appartement,464000.0,38.1,12178.0,1,75017
lefigaro,Appartement,995000.0,78.0,12756.0,4,75001
lefigaro,Appartement,1070000.0,107.0,10000.0,4,75015
lefigaro,Appartement,689000.0,72.0,9569.0,3,75018
lefigaro,Appartement,740000.0,57.38,12896.0,2,75001
lefigaro,Appartement,549000.0,44.0,12477.0,2,75003
lefigaro,Appartement,360000.0,27.56,13062.0,1,75016
lefigaro,Appartement,920000.0,93.09,9883.0,3,75012
lefigaro,Appartement,320000.0,42.0,7619.0,2,75013
lefigaro,Appartement,465000.0,47.0,9894.0,3,75015
lefigaro,Appartement,880000.0,73.29,12007.0,4,75004
lefigaro,Appartement,584000.0,49.0,11918.0,2,75017
lefigaro,Appartement,195000.0,27.36,7127.0,2,75018
lefigaro,Appartement,409000.0,47.58,8596.0,1,75011
lefigaro,Appartement,1999500.0,146.0,13695.0,7,75015
lefigaro,Appartement,780000.0,44.81,17407.0,2,75007
lefigaro,Appartement,995000.0,87.7,11345.0,3,75017
lefigaro,Appartement,898500.0,97.0,9263.0,4,75015
lefigaro,Appartement,980000.0,90.0,10889.0,3,75012
lefigaro,Appartement,976000.0,103.0,9476.0,5,75013
lefigaro,Appartement,900000.0,41.71,21578.0,3,75007
lefigaro,Appartement,590000.0,49.0,12041.0,2,75017
lefigaro,Appartement,650000.0,36.6,17760.0,2,75007
lefigaro,Appartement,299000.0,39.12,7643.0,2,75011
lefigaro,Appartement,305000.0,25.05,12176.0,1,75017
lefigaro,Appartement,895000.0,57.11,15672.0,3,75007
lefigaro,Appartement,1235000.0,105.2,11740.0,4,75017
lefigaro,Appartement,4750000.0,138.5,34296.0,4,75007
lefigaro,Appartement,1000000.0,72.0,13889.0,4,75015
lefigaro,Appartement,650000.0,70.14,9267.0,3,75020
lefigaro,Appartement,2100000.0,119.0,17647.0,4,75004
lefigaro,Appartement,1020000.0,81.07,12582.0,3,75015
lefigaro,Appartement,385000.0,36.5,10548.0,2,75018
lefigaro,Appartement,495000.0,30.03,16484.0,1,75003
lefigaro,Appartement,325500.0,43.0,7570.0,2,75013
lefigaro,Appartement,299000.0,19.0,15737.0,1,75016
lefigaro,Appartement,2385000.0,195.0,12231.0,6,75015
lefigaro,Appartement,497000.0,51.0,9745.0,2,75013
lefigaro,Appartement,2075000.0,117.6,17645.0,5,75007
lefigaro,Appartement,1750000.0,153.0,11438.0,5,75016
lefigaro,Appartement,519000.0,47.0,11043.0,2,75018
lefigaro,Appartement,750000.0,110.0,6818.0,3,75010
lefigaro,Appartement,195000.0,16.1,12112.0,1,75015
lefigaro,Appartement,1080000.0,103.8,10405.0,5,75019
lefigaro,Appartement,1450000.0,152.17,9529.0,8,75016
lefigaro,Appartement,1466000.0,138.5,10585.0,5,75016
lefigaro,Appartement,3500000.0,334.86,10452.0,6,75016
lefigaro,Appartement,2500000.0,212.0,11792.0,7,75006
lefigaro,Maison,3500000.0,334.86,10452.0,6,75016
lefigaro,Appartement,1950000.0,144.25,13518.0,7,75007
lefigaro,Appartement,2895000.0,200.63,14430.0,6,75006
lefigaro,Appartement,1200000.0,101.8,11788.0,5,75014
lefigaro,Appartement,1300000.0,70.19,18521.0,3,75006
lefigaro,Appartement,2895000.0,200.63,14430.0,6,75007
lefigaro,Appartement,313950.0,32.54,9648.0,2,75018
lefigaro,Appartement,2300000.0,173.85,13230.0,6,75008
lefigaro,Appartement,2903000.0,135.02,21501.0,5,75014
lefigaro,Appartement,1050000.0,85.15,12331.0,5,75006
lefigaro,Appartement,441000.0,41.83,10543.0,2,75013
lefigaro,Appartement,454000.0,41.73,10879.0,2,75017
lefigaro,Appartement,1796000.0,113.0,15894.0,6,75007
lefigaro,Appartement,330000.0,28.16,11719.0,2,75015
lefigaro,Appartement,790000.0,50.0,15800.0,2,75006
lefigaro,Appartement,179000.0,32.0,5594.0,1,75015
lefigaro,Appartement,357000.0,34.0,10500.0,2,75010
lefigaro,Appartement,141000.0,12.21,11548.0,1,75009
lefigaro,Appartement,1050000.0,83.0,12651.0,4,75011
lefigaro,Appartement,1290000.0,75.75,17030.0,3,75019
lefigaro,Appartement,1300000.0,82.41,15775.0,4,75018
lefigaro,Appartement,602000.0,83.42,7216.0,4,75019
lefigaro,Appartement,648000.0,54.46,11899.0,3,75018
lefigaro,Appartement,840000.0,55.41,15160.0,2,75007
lefigaro,Appartement,1190000.0,70.0,17000.0,3,75019
lefigaro,Appartement,5250000.0,224.02,23435.0,6,75007
lefigaro,Appartement,898000.0,67.02,13399.0,3,75007
lefigaro,Appartement,676000.0,41.75,16192.0,2,75007
lefigaro,Appartement,3050000.0,160.0,19063.0,5,75016
lefigaro,Appartement,750000.0,68.0,11029.0,3,75015
lefigaro,Appartement,680000.0,86.0,7907.0,5,75020
lefigaro,Appartement,2880000.0,177.62,16214.0,6,75007
lefigaro,Maison,1193000.0,103.0,11583.0,5,75011
lefigaro,Appartement,830000.0,105.0,7905.0,5,75018
lefigaro,Appartement,540750.0,36.19,14942.0,2,75008
lefigaro,Appartement,778000.0,65.35,11905.0,3,75017
lefigaro,Appartement,990000.0,147.0,6735.0,4,75018
lefigaro,Appartement,1085000.0,109.0,9954.0,5,75014
lefigaro,Appartement,1350000.0,99.0,13636.0,4,75009
lefigaro,Appartement,1350000.0,99.0,13636.0,4,75009
lefigaro,Appartement,2450000.0,327.0,7492.0,9,75020
lefigaro,Appartement,1045000.0,107.44,9726.0,5,75015
lefigaro,Appartement,480000.0,48.0,10000.0,3,75015
lefigaro,Appartement,225000.0,21.0,10714.0,1,75018
lefigaro,Appartement,245000.0,25.0,9800.0,1,75011
lefigaro,Appartement,1590000.0,154.07,10320.0,5,75009
lefigaro,Appartement,289900.0,24.4,11881.0,2,75010
lefigaro,Appartement,99000.0,15.84,6250.0,1,75017
lefigaro,Appartement,360000.0,34.0,10588.0,1,75016
lefigaro,Appartement,1540000.0,180.83,8516.0,5,75016
lefigaro,Maison,1130000.0,77.8,14524.0,3,75020
lefigaro,Appartement,498000.0,59.72,8339.0,3,75015
lefigaro,Appartement,546000.0,69.0,7913.0,3,75016
lefigaro,Appartement,590000.0,63.0,9365.0,2,75016
lefigaro,Appartement,950000.0,95.33,9965.0,4,75018
lefigaro,Appartement,1250000.0,107.2,11660.0,5,75020
lefigaro,Appartement,168000.0,17.35,9683.0,1,75015
lefigaro,Appartement,343000.0,27.46,12491.0,1,75002
lefigaro,Appartement,850000.0,89.2,9529.0,5,75015
lefigaro,Appartement,819000.0,80.0,10238.0,3,75016
lefigaro,Appartement,299000.0,34.1,8768.0,2,75018
lefigaro,Appartement,2190000.0,146.0,15000.0,4,75008
lefigaro,Appartement,549000.0,41.2,13325.0,2,75009
lefigaro,Appartement,549000.0,41.2,13325.0,2,75018
lefigaro,Appartement,820000.0,64.05,12802.0,3,75007
lefigaro,Appartement,613000.0,72.2,8490.0,4,75018
lefigaro,Appartement,578000.0,54.0,10704.0,1,75016
lefigaro,Appartement,315000.0,34.09,9240.0,2,75015
lefigaro,Appartement,2900000.0,120.0,24167.0,5,75015
lefigaro,Appartement,316000.0,40.09,7882.0,2,75019
lefigaro,Appartement,570000.0,57.46,9920.0,3,75015
lefigaro,Appartement,910000.0,98.0,9286.0,4,75015
lefigaro,Appartement,294000.0,32.09,9162.0,2,75015
lefigaro,Appartement,590000.0,79.0,7468.0,3,75011
lefigaro,Appartement,415000.0,35.55,11674.0,2,75003
lefigaro,Appartement,947000.0,56.13,16872.0,3,75007
lefigaro,Appartement,988000.0,114.6,8621.0,5,75018
lefigaro,Appartement,2115000.0,120.4,17566.0,4,75015
lefigaro,Appartement,340000.0,32.0,10625.0,2,75011
lefigaro,Appartement,310000.0,35.0,8857.0,2,75018
lefigaro,Appartement,4450000.0,175.63,25337.0,6,75006
lefigaro,Appartement,567063.0,83.2,6816.0,5,75018
lefigaro,Appartement,329000.0,33.15,9925.0,2,75014
lefigaro,Appartement,660000.0,42.01,15711.0,2,75014
lefigaro,Appartement,430000.0,40.6,10591.0,2,75019
lefigaro,Appartement,280000.0,17.3,16185.0,1,75007
lefigaro,Appartement,1265000.0,90.5,13978.0,4,75012
lefigaro,Appartement,215000.0,25.0,8600.0,2,75018
lefigaro,Appartement,640000.0,56.04,11420.0,3,75009
lefigaro,Maison,625000.0,57.0,10965.0,2,75011
lefigaro,Appartement,720000.0,49.35,14590.0,2,75007
lefigaro,Appartement,908000.0,69.5,13065.0,3,75012
lefigaro,Maison,3500000.0,332.0,10542.0,8,75016
lefigaro,Appartement,320000.0,29.5,10847.0,2,75010
lefigaro,Appartement,450000.0,51.6,8721.0,2,75015
lefigaro,Appartement,1195000.0,113.0,10575.0,7,75016
lefigaro,Appartement,1241000.0,90.5,13713.0,4,75012
lefigaro,Appartement,630000.0,63.25,9960.0,3,75011
lefigaro,Appartement,760000.0,63.0,12063.0,2,75007
lefigaro,Appartement,760000.0,63.0,12063.0,2,75015
lefigaro,Appartement,289900.0,24.4,11881.0,2,75011
lefigaro,Appartement,1499000.0,140.0,10707.0,5,75016
lefigaro,Appartement,790000.0,55.32,14281.0,2,75003
lefigaro,Appartement,3350000.0,244.0,13730.0,8,75005
lefigaro,Appartement,340000.0,38.0,8947.0,2,75020
lefigaro,Maison,1090000.0,108.0,10093.0,4,75014
lefigaro,Appartement,1395000.0,65.17,21406.0,3,75007
lefigaro,Appartement,1218000.0,90.5,13459.0,4,75012
lefigaro,Appartement,410000.0,33.6,12202.0,2,75009
lefigaro,Appartement,3395000.0,216.96,15648.0,8,75016
lefigaro,Appartement,1690000.0,148.0,11419.0,5,75008
lefigaro,Appartement,2100000.0,103.12,20365.0,3,75005
lefigaro,Appartement,1140000.0,83.5,13653.0,4,75012
lefigaro,Appartement,1590000.0,100.0,15900.0,4,75005
lefigaro,Appartement,1590000.0,100.0,15900.0,4,75005
lefigaro,Appartement,599000.0,64.0,9359.0,2,75015
lefigaro,Appartement,795000.0,73.43,10827.0,2,75009
lefigaro,Appartement,1194000.0,90.5,13193.0,4,75012
lefigaro,Appartement,545000.0,69.0,7899.0,2,75017
lefigaro,Appartement,599000.0,64.0,9359.0,2,75007
lefigaro,Appartement,899000.0,37.17,24186.0,2,75007
lefigaro,Appartement,835000.0,66.6,12538.0,2,75006
lefigaro,Appartement,653000.0,52.2,12510.0,2,75012
lefigaro,Appartement,925000.0,84.22,10983.0,3,75014
lefigaro,Appartement,268500.0,14.05,19110.0,1,75007
lefigaro,Appartement,2295000.0,158.21,14506.0,6,75005
lefigaro,Appartement,552000.0,42.9,12867.0,2,75012
lefigaro,Appartement,268500.0,14.05,19110.0,1,75006
lefigaro,Appartement,1950000.0,119.9,16264.0,5,75007
lefigaro,Appartement,250000.0,17.0,14706.0,1,75005
lefigaro,Appartement,950000.0,85.0,11176.0,3,75008
lefigaro,Appartement,815000.0,122.0,6680.0,5,75010
lefigaro,Appartement,699000.0,66.88,10452.0,3,75003
lefigaro,Appartement,1950000.0,119.9,16264.0,5,75015
lefigaro,Appartement,95000.0,20.0,4750.0,1,75016
lefigaro,Appartement,1470000.0,147.0,10000.0,5,75011
lefigaro,Appartement,7300000.0,387.72,18828.0,10,75016
lefigaro,Appartement,1118000.0,83.5,13389.0,4,75012
lefigaro,Appartement,1990000.0,144.0,13819.0,5,75001
lefigaro,Chambre,100000.0,12.0,8333.0,1,75017
lefigaro,Appartement,1420000.0,133.56,10632.0,4,75008
lefigaro,Appartement,1390000.0,123.5,11255.0,5,75016
lefigaro,Appartement,1160000.0,90.5,12818.0,4,75012
lefigaro,Appartement,1420000.0,133.56,10632.0,4,75016
lefigaro,Appartement,350000.0,30.21,11586.0,2,75018
lefigaro,Appartement,995000.0,106.0,9387.0,4,75012
lefigaro,Appartement,2390000.0,168.0,14226.0,6,75009
lefigaro,Appartement,640000.0,52.2,12261.0,2,75012
lefigaro,Appartement,505000.0,42.0,12024.0,2,75017
lefigaro,Appartement,950000.0,76.0,12500.0,3,75018
lefigaro,Appartement,399000.0,27.0,14778.0,2,75011
lefigaro,Maison,4950000.0,157.32,31465.0,7,75007
lefigaro,Appartement,1085000.0,83.5,12994.0,4,75012
lefigaro,Appartement,2490000.0,144.0,17292.0,5,75016
lefigaro,Appartement,695000.0,68.0,10221.0,4,75019
lefigaro,Appartement,687500.0,68.0,10110.0,4,75020
lefigaro,Appartement,1595000.0,127.93,12468.0,4,75018
lefigaro,Appartement,541000.0,42.9,12611.0,2,75012
lefigaro,Appartement,345000.0,42.0,8214.0,2,75017
lefigaro,Appartement,570000.0,37.54,15184.0,2,75016
lefigaro,Appartement,550000.0,47.0,11702.0,2,75017
lefigaro,Appartement,830000.0,70.0,11857.0,3,75016
lefigaro,Appartement,230000.0,27.0,8519.0,1,75018
lefigaro,Appartement,379000.0,35.0,10829.0,2,75010
lefigaro,Appartement,910000.0,78.13,11647.0,2,75016
lefigaro,Appartement,1000000.0,80.0,12500.0,3,75002
lefigaro,Appartement,230000.0,21.61,10643.0,2,75013
lefigaro,Appartement,2780000.0,174.45,15936.0,5,75007
lefigaro,Appartement,1125000.0,90.5,12431.0,4,75012
lefigaro,Appartement,192000.0,17.0,11294.0,2,75018
lefigaro,Appartement,595000.0,50.0,11900.0,3,75006
lefigaro,Appartement,375000.0,36.72,10212.0,2,75015
lefigaro,Appartement,2780000.0,174.45,15936.0,5,75015
lefigaro,Appartement,1053000.0,83.5,12611.0,4,75012
lefigaro,Appartement,1840000.0,182.0,10110.0,6,75017
lefigaro,Appartement,740000.0,55.0,13455.0,3,75007
lefigaro,Appartement,740000.0,55.0,13455.0,2,75007
lefigaro,Appartement,820000.0,34.05,24082.0,2,75007
lefigaro,Appartement,615000.0,52.2,11782.0,2,75012
lefigaro,Appartement,740000.0,55.0,13455.0,2,75015
lefigaro,Appartement,1198000.0,120.0,9983.0,4,75019
lefigaro,Appartement,1019200.0,100.0,10192.0,3,75012
lefigaro,Appartement,995000.0,108.6,9162.0,4,75019
lefigaro,Appartement,1032000.0,83.5,12359.0,4,75012
lefigaro,Appartement,1150000.0,55.39,20762.0,2,75007
lefigaro,Appartement,511000.0,45.0,11356.0,2,75018
lefigaro,Appartement,3150000.0,269.27,11698.0,9,75016
lefigaro,Appartement,298000.0,18.7,15936.0,1,75003
lefigaro,Appartement,1102000.0,90.5,12177.0,4,75012
lefigaro,Appartement,140000.0,11.0,12727.0,1,75016
lefigaro,Appartement,449000.0,45.0,9978.0,2,75018
lefigaro,Appartement,430000.0,48.0,8958.0,2,75018
lefigaro,Appartement,305000.0,35.19,8667.0,2,75018
lefigaro,Appartement,456900.0,43.49,10506.0,3,75012
lefigaro,Appartement,1150000.0,128.0,8984.0,5,75011
lefigaro,Appartement,899000.0,85.0,10576.0,3,75016
lefigaro,Appartement,550000.0,46.0,11957.0,2,75009
lefigaro,Appartement,550000.0,46.0,11957.0,2,75018
lefigaro,Appartement,1407000.0,98.75,14248.0,5,75001
lefigaro,Appartement,1079000.0,90.5,11923.0,4,75012
lefigaro,Appartement,190000.0,12.0,15833.0,1,75002
lefigaro,Appartement,175000.0,24.0,7292.0,1,75018
lefigaro,Appartement,255000.0,18.0,14167.0,2,75007
lefigaro,Appartement,1900000.0,122.62,15495.0,5,75005
lefigaro,Appartement,1009000.0,83.5,12084.0,4,75012
lefigaro,Appartement,345000.0,18.9,18254.0,1,75007
lefigaro,Appartement,1899000.0,88.74,21400.0,3,75006
lefigaro,Appartement,1899000.0,88.74,21400.0,3,75007
lefigaro,Appartement,1150000.0,60.25,19087.0,2,75006
lefigaro,Appartement,603000.0,52.2,11552.0,2,75012
lefigaro,Appartement,619000.0,52.42,11808.0,3,75015
lefigaro,Appartement,2295000.0,196.41,11685.0,7,75017
lefigaro,Appartement,750000.0,77.87,9631.0,3,75007
lefigaro,Appartement,499000.0,42.9,11632.0,2,75012
lefigaro,Appartement,2330000.0,89.0,26180.0,3,75004
lefigaro,Appartement,699000.0,73.0,9575.0,3,75015
lefigaro,Appartement,178000.0,20.0,8900.0,1,75018
lefigaro,Appartement,995000.0,108.0,9213.0,4,75013
lefigaro,Appartement,590000.0,52.2,11303.0,2,75012
lefigaro,Appartement,2990000.0,242.0,12355.0,6,75016
lefigaro,Appartement,1780000.0,131.0,13588.0,5,75011
lefigaro,Appartement,495000.0,95.0,5211.0,3,75015
lefigaro,Appartement,605000.0,69.58,8695.0,3,75014
lefigaro,Appartement,4725000.0,172.0,27471.0,5,75007
lefigaro,Appartement,140000.0,11.34,12346.0,1,75016
lefigaro,Appartement,318500.0,30.0,10617.0,1,75013
lefigaro,Appartement,695000.0,56.0,12411.0,3,75018
lefigaro,Appartement,649000.0,63.09,10287.0,2,75016
lefigaro,Appartement,2380000.0,210.04,11331.0,6,75016
lefigaro,Appartement,715000.0,57.0,12544.0,3,75013
lefigaro,Appartement,520000.0,55.0,9455.0,2,75012
lefigaro,Chambre,89000.0,9.48,9388.0,1,75006
lefigaro,Appartement,449000.0,40.0,11225.0,2,75017
lefigaro,Appartement,3990000.0,316.02,12626.0,7,75016
lefigaro,Appartement,1475000.0,96.0,15365.0,4,75013
lefigaro,Appartement,367000.0,27.43,13380.0,2,75009
lefigaro,Appartement,367000.0,27.43,13380.0,2,75018
lefigaro,Appartement,745000.0,64.45,11559.0,3,75010
lefigaro,Appartement,472000.0,27.27,17308.0,1,75007
lefigaro,Appartement,1242000.0,112.0,11089.0,5,75013
lefigaro,Appartement,475000.0,47.0,10106.0,2,75008
lefigaro,Appartement,360000.0,30.0,12000.0,2,75018
lefigaro,Appartement,630000.0,43.0,14651.0,2,75006
lefigaro,Appartement,830000.0,62.72,13233.0,4,75011
lefigaro,Appartement,350000.0,33.0,10606.0,1,75013
lefigaro,Appartement,1600000.0,91.38,17509.0,3,75007
lefigaro,Appartement,268000.0,28.0,9571.0,2,75018
lefigaro,Appartement,249000.0,27.3,9121.0,1,75020
lefigaro,Appartement,1390000.0,120.0,11583.0,4,75003
lefigaro,Appartement,620000.0,47.0,13191.0,2,75013
lefigaro,Appartement,595000.0,40.0,14875.0,2,75016
lefigaro,Appartement,775000.0,70.0,11071.0,2,75017
lefigaro,Appartement,670000.0,60.0,11167.0,3,75006
lefigaro,Appartement,484000.0,45.0,10756.0,2,75015
lefigaro,Appartement,348000.0,36.0,9667.0,2,75015
lefigaro,Appartement,498000.0,48.0,10375.0,2,75020
lefigaro,Appartement,670000.0,73.07,9169.0,4,75010
lefigaro,Appartement,3114000.0,123.4,25235.0,5,75006
lefigaro,Appartement,1280000.0,140.0,9143.0,4,75016
lefigaro,Appartement,750000.0,71.0,10563.0,3,75009
lefigaro,Appartement,1300000.0,95.0,13684.0,4,75015
lefigaro,Appartement,346000.0,37.0,9351.0,2,75012
lefigaro,Appartement,290000.0,40.0,7250.0,2,75013
lefigaro,Appartement,1664000.0,170.0,9788.0,6,75014
lefigaro,Appartement,950000.0,79.51,11948.0,3,75018
lefigaro,Appartement,650000.0,55.0,11818.0,2,75015
lefigaro,Appartement,389000.0,40.0,9725.0,1,75016
lefigaro,Appartement,315000.0,32.0,9844.0,2,75018
lefigaro,Appartement,409500.0,34.41,11901.0,1,75012
lefigaro,Appartement,1150000.0,44.95,25584.0,2,75008
lefigaro,Appartement,930000.0,80.0,11625.0,3,75015
lefigaro,Appartement,724000.0,70.0,10343.0,4,75020
lefigaro,Appartement,331000.0,35.0,9457.0,1,75016
lefigaro,Appartement,599000.0,53.3,11238.0,3,75014
lefigaro,Appartement,893475.0,100.0,8935.0,4,75017
lefigaro,Appartement,2900000.0,201.0,14428.0,5,75015
lefigaro,Appartement,1649000.0,94.0,17543.0,4,75007
lefigaro,Appartement,1649000.0,94.0,17543.0,4,75007
lefigaro,Maison,1650000.0,226.0,7301.0,9,75015
lefigaro,Appartement,500000.0,37.0,13514.0,1,75015
lefigaro,Appartement,445000.0,44.0,10114.0,3,75011
lefigaro,Appartement,539000.0,45.41,11870.0,3,75018
lefigaro,Appartement,546000.0,53.0,10302.0,3,75012
lefigaro,Appartement,785000.0,71.0,11056.0,3,75002
lefigaro,Appartement,290000.0,24.0,12083.0,1,75017
lefigaro,Appartement,590000.0,41.0,14390.0,2,75016
lefigaro,Appartement,899000.0,93.2,9646.0,4,75020
lefigaro,Appartement,430000.0,41.11,10460.0,3,75018
lefigaro,Appartement,420000.0,47.0,8936.0,3,75018
lefigaro,Appartement,999000.0,64.8,15417.0,3,75008
lefigaro,Appartement,645000.0,70.82,9108.0,4,75018
lefigaro,Appartement,325000.0,80.0,4063.0,4,75018
lefigaro,Appartement,161313.0,18.46,8739.0,1,75020
lefigaro,Appartement,2070000.0,153.89,13451.0,4,75016
lefigaro,Appartement,930000.0,71.39,13027.0,3,75017
lefigaro,Appartement,335000.0,36.71,9126.0,1,75018
lefigaro,Appartement,290000.0,35.0,8286.0,2,75015
lefigaro,Appartement,370000.0,45.45,8141.0,2,75019
lefigaro,Appartement,330000.0,30.42,10848.0,2,75017
lefigaro,Appartement,1260000.0,104.72,12032.0,4,75011
lefigaro,Appartement,791987.0,107.15,7391.0,5,75018
lefigaro,Chambre,99000.0,9.0,11000.0,1,75016
lefigaro,Appartement,760000.0,68.0,11176.0,2,75016
lefigaro,Appartement,595000.0,32.0,18594.0,1,75001
lefigaro,Appartement,2800000.0,231.03,12120.0,7,75016
lefigaro,Appartement,990000.0,107.62,9199.0,5,75018
lefigaro,Appartement,295000.0,23.0,12826.0,1,75018
lefigaro,Appartement,995000.0,86.45,11510.0,5,75016
lefigaro,Appartement,2305000.0,110.0,20955.0,3,75004
lefigaro,Appartement,2420000.0,148.15,16335.0,4,75019
lefigaro,Appartement,1890000.0,90.0,21000.0,5,75007
lefigaro,Appartement,549000.0,65.0,8446.0,3,75020
lefigaro,Appartement,359000.0,39.0,9205.0,2,75012
lefigaro,Appartement,460000.0,54.0,8519.0,2,75017
lefigaro,Appartement,440000.0,38.0,11579.0,2,75004
lefigaro,Appartement,235000.0,20.0,11750.0,1,75002
lefigaro,Appartement,540000.0,50.0,10800.0,2,75017
lefigaro,Appartement,1790000.0,134.0,13358.0,5,75016
lefigaro,Appartement,2290000.0,156.0,14679.0,5,75009
lefigaro,Appartement,432000.0,29.2,14795.0,1,75012
lefigaro,Appartement,579000.0,74.39,7783.0,3,75020
lefigaro,Appartement,699000.0,71.34,9798.0,3,75020
lefigaro,Appartement,310000.0,37.0,8378.0,2,75015
lefigaro,Appartement,2650000.0,84.0,31548.0,4,75016
lefigaro,Appartement,788000.0,63.8,12351.0,3,75012
lefigaro,Appartement,1190000.0,90.0,13222.0,5,75003
lefigaro,Appartement,315000.0,25.0,12600.0,1,75017
lefigaro,Appartement,295000.0,27.0,10926.0,2,75018
lefigaro,Appartement,5800000.0,307.07,18888.0,6,75016
lefigaro,Appartement,812000.0,63.7,12747.0,3,75012
lefigaro,Appartement,751000.0,84.0,8940.0,4,75012
lefigaro,Appartement,790000.0,70.0,11286.0,3,75017
lefigaro,Appartement,425000.0,30.0,14167.0,2,75009
lefigaro,Appartement,695000.0,65.06,10682.0,2,75019
lefigaro,Appartement,1976000.0,136.3,14497.0,5,75012
lefigaro,Appartement,850000.0,70.9,11989.0,3,75011
lefigaro,Appartement,449900.0,45.0,9998.0,2,75018
lefigaro,Appartement,497000.0,54.0,9204.0,2,75015
lefigaro,Appartement,6500000.0,294.38,22080.0,8,75017
lefigaro,Appartement,425000.0,29.2,14555.0,1,75012
lefigaro,Appartement,379000.0,36.36,10424.0,2,75012
lefigaro,Appartement,414000.0,44.0,9409.0,1,75015
lefigaro,Appartement,567000.0,48.0,11813.0,2,75017
lefigaro,Appartement,794200.0,82.0,9685.0,3,75016
lefigaro,Appartement,495000.0,39.1,12660.0,2,75016
lefigaro,Appartement,289000.0,31.0,9323.0,2,75014
lefigaro,Appartement,1095000.0,121.0,9050.0,4,75010
lefigaro,Appartement,3100000.0,191.0,16230.0,5,75016
lefigaro,Appartement,320000.0,31.0,10323.0,2,75002
lefigaro,Appartement,1210000.0,91.0,13297.0,4,75016
lefigaro,Appartement,1135000.0,79.4,14295.0,4,75012
lefigaro,Appartement,285000.0,28.0,10179.0,1,75011
lefigaro,Appartement,329000.0,44.0,7477.0,2,75019
lefigaro,Appartement,2340000.0,190.67,12273.0,7,75017
lefigaro,Maison,1295000.0,84.3,15362.0,3,75016
lefigaro,Appartement,1146000.0,79.5,14415.0,4,75012
lefigaro,Appartement,595000.0,33.7,17656.0,2,75006
lefigaro,Appartement,1050000.0,75.0,14000.0,3,75016
lefigaro,Appartement,336000.0,34.0,9882.0,2,75010
lefigaro,Appartement,550000.0,36.31,15147.0,2,75003
lefigaro,Appartement,400000.0,29.2,13699.0,1,75012
lefigaro,Appartement,649000.0,60.03,10811.0,2,75004
lefigaro,Appartement,225000.0,23.0,9783.0,1,75018
lefigaro,Appartement,310000.0,36.0,8611.0,3,75012
lefigaro,Appartement,2480000.0,148.15,16740.0,5,75007
lefigaro,Appartement,789000.0,63.8,12367.0,3,75012
lefigaro,Appartement,730000.0,63.08,11573.0,3,75018
lefigaro,Appartement,195000.0,18.71,10422.0,2,75016
lefigaro,Appartement,439000.0,40.0,10975.0,2,75009
lefigaro,Appartement,4400000.0,166.0,26506.0,4,75007
lefigaro,Appartement,1114000.0,79.4,14030.0,4,75012
lefigaro,Appartement,3150000.0,211.46,14896.0,7,75016
lefigaro,Appartement,1850000.0,155.0,11935.0,6,75017
lefigaro,Appartement,1050000.0,99.14,10591.0,5,75016
lefigaro,Appartement,525000.0,40.62,12925.0,2,75011
lefigaro,Appartement,184000.0,17.0,10824.0,1,75014
lefigaro,Appartement,1180000.0,70.0,16857.0,3,75016
lefigaro,Appartement,1450000.0,120.0,12083.0,5,75015
lefigaro,Appartement,1450000.0,120.0,12083.0,5,75007
lefigaro,Appartement,395000.0,34.0,11618.0,2,75010
lefigaro,Appartement,849000.0,54.9,15464.0,2,75001
lefigaro,Appartement,393000.0,29.2,13459.0,1,75012
lefigaro,Appartement,365000.0,32.44,11252.0,2,75018
lefigaro,Appartement,340000.0,29.0,11724.0,2,75018
lefigaro,Appartement,72000.0,9.84,7317.0,1,75013
lefigaro,Appartement,4500000.0,254.6,17675.0,6,75008
lefigaro,Appartement,1092000.0,79.4,13753.0,4,75012
lefigaro,Appartement,520000.0,48.0,10833.0,2,75017
lefigaro,Appartement,299000.0,38.0,7868.0,2,75018
lefigaro,Appartement,760000.0,70.0,10857.0,3,75014
lefigaro,Appartement,915000.0,84.36,10846.0,4,75014
lefigaro,Appartement,766000.0,63.8,12006.0,3,75012
lefigaro,Appartement,545000.0,62.0,8790.0,3,75013
lefigaro,Appartement,2000000.0,165.0,12121.0,6,75011
lefigaro,Appartement,2608000.0,224.0,11643.0,7,75016
lefigaro,Appartement,849000.0,90.74,9356.0,5,75015
lefigaro,Appartement,1125000.0,79.5,14151.0,4,75012
lefigaro,Appartement,1550000.0,132.72,11679.0,5,75017
lefigaro,Appartement,439000.0,47.64,9215.0,3,75017
lefigaro,Appartement,469000.0,48.5,9670.0,2,75012
lefigaro,Appartement,4150000.0,253.0,16403.0,6,75008
lefigaro,Appartement,1103000.0,79.5,13874.0,4,75012
lefigaro,Appartement,232000.0,18.0,12889.0,1,75005
lefigaro,Appartement,505000.0,43.0,11744.0,2,75016
lefigaro,Appartement,779900.0,72.0,10832.0,3,75019
lefigaro,Appartement,555000.0,42.3,13121.0,2,75003
lefigaro,Appartement,425000.0,55.0,7727.0,2,75018
lefigaro,Appartement,860000.0,70.0,12286.0,3,75018
lefigaro,Appartement,202350.0,17.0,11903.0,2,75017
lefigaro,Appartement,379000.0,38.03,9966.0,2,75020
lefigaro,Appartement,525000.0,74.0,7095.0,3,75015
lefigaro,Appartement,895000.0,65.0,13769.0,3,75005
lefigaro,Appartement,305000.0,32.0,9531.0,1,75020
lefigaro,Appartement,327285.0,35.0,9351.0,1,75015
lefigaro,Appartement,409000.0,55.0,7436.0,3,75018
lefigaro,Appartement,3500000.0,145.0,24138.0,5,75006
lefigaro,Appartement,1061000.0,79.4,13363.0,4,75012
lefigaro,Appartement,499000.0,35.0,14257.0,2,75003
lefigaro,Appartement,549000.0,60.0,9150.0,3,75012
lefigaro,Appartement,2800000.0,214.0,13084.0,6,75004
lefigaro,Appartement,1995000.0,135.0,14778.0,5,75016
lefigaro,Appartement,1029000.0,79.4,12960.0,4,75012
lefigaro,Appartement,756000.0,74.0,10216.0,4,75020
lefigaro,Appartement,245000.0,24.0,10208.0,1,75012
lefigaro,Appartement,595000.0,33.05,18003.0,2,75016
lefigaro,Appartement,1508000.0,87.01,17331.0,3,75007
lefigaro,Appartement,1071000.0,79.5,13472.0,4,75012
lefigaro,Appartement,290000.0,21.05,13777.0,1,75018
lefigaro,Appartement,385000.0,27.0,14259.0,2,75006
lefigaro,Appartement,514000.0,41.3,12446.0,2,75011
lefigaro,Appartement,995000.0,96.52,10309.0,5,75010
lefigaro,Appartement,1039000.0,79.5,13069.0,4,75012
lefigaro,Appartement,1295000.0,108.76,11907.0,4,75015
lefigaro,Appartement,556500.0,50.8,10955.0,3,75019
lefigaro,Appartement,299000.0,28.23,10592.0,2,75011
lefigaro,Appartement,127000.0,11.41,11131.0,1,75012
lefigaro,Appartement,1150000.0,86.0,13372.0,4,75015
lefigaro,Appartement,930000.0,78.0,11923.0,3,75016
lefigaro,Appartement,690000.0,53.0,13019.0,2,75016
lefigaro,Appartement,465000.0,44.0,10568.0,2,75015
lefigaro,Appartement,1950000.0,203.0,9606.0,6,75017
lefigaro,Appartement,630000.0,41.03,15355.0,2,75007
lefigaro,Appartement,1008000.0,79.4,12695.0,4,75012
lefigaro,Appartement,219500.0,22.0,9977.0,1,75011
lefigaro,Appartement,378000.0,40.0,9450.0,2,75020
lefigaro,Appartement,230000.0,23.38,9837.0,1,75008
lefigaro,Appartement,1045000.0,127.0,8228.0,5,75013
lefigaro,Appartement,1018000.0,79.5,12805.0,4,75012
lefigaro,Appartement,230000.0,23.38,9837.0,1,75017
lefigaro,Appartement,1030000.0,77.0,13377.0,4,75001
lefigaro,Appartement,1030000.0,77.0,13377.0,4,75001
lefigaro,Appartement,1742000.0,186.24,9354.0,7,75016
lefigaro,Appartement,370000.0,29.2,12671.0,1,75012
lefigaro,Appartement,430000.0,42.11,10211.0,2,75018
lefigaro,Appartement,455000.0,37.7,12069.0,1,75016
lefigaro,Appartement,455000.0,46.73,9737.0,2,75017
lefigaro,Appartement,3490000.0,130.0,26846.0,5,75006
lefigaro,Appartement,997000.0,79.5,12541.0,4,75012
lefigaro,Appartement,202000.0,24.54,8231.0,1,75012
lefigaro,Appartement,420000.0,35.0,12000.0,2,75014
lefigaro,Appartement,223000.0,22.0,10136.0,2,75018
lefigaro,Appartement,1390000.0,84.32,16485.0,5,75003
lefigaro,Appartement,579000.0,41.5,13952.0,1,75012
lefigaro,Appartement,599000.0,41.45,14451.0,2,75005
lefigaro,Appartement,1910000.0,135.0,14148.0,6,75016
lefigaro,Appartement,1980000.0,150.0,13200.0,6,75006
lefigaro,Appartement,832000.0,75.0,11093.0,3,75017
lefigaro,Appartement,679000.0,70.0,9700.0,3,75018
lefigaro,Appartement,730000.0,50.0,14600.0,3,75011
lefigaro,Appartement,350000.0,31.0,11290.0,1,75015
lefigaro,Appartement,300000.0,23.74,12637.0,2,75014
lefigaro,Appartement,941000.0,84.05,11196.0,3,75001
lefigaro,Appartement,1700000.0,123.15,13804.0,6,75007
lefigaro,Appartement,330000.0,27.0,12222.0,1,75002
lefigaro,Appartement,1360000.0,126.0,10794.0,3,75006
lefigaro,Appartement,500000.0,51.0,9804.0,3,75018
lefigaro,Appartement,910000.0,66.0,13788.0,3,75016
lefigaro,Appartement,568000.0,41.5,13687.0,1,75012
lefigaro,Appartement,3114000.0,123.4,25235.0,4,75006
lefigaro,Appartement,1050000.0,71.5,14685.0,3,75008
lefigaro,Appartement,432000.0,35.0,12343.0,2,75005
lefigaro,Appartement,545000.0,41.5,13133.0,1,75012
lefigaro,Appartement,1560000.0,120.0,13000.0,6,75012
lefigaro,Appartement,785000.0,74.0,10608.0,4,75014
lefigaro,Appartement,253000.0,31.0,8161.0,1,75017
lefigaro,Appartement,890000.0,64.53,13792.0,3,75016
lefigaro,Appartement,645000.0,54.1,11922.0,2,75012
lefigaro,Appartement,2250000.0,163.55,13757.0,4,75016
lefigaro,Appartement,715000.0,72.71,9834.0,3,75009
lefigaro,Appartement,700000.0,55.0,12727.0,3,75016
lefigaro,Appartement,640000.0,48.8,13115.0,1,75001
lefigaro,Appartement,834000.0,71.1,11730.0,3,75012
lefigaro,Appartement,830000.0,78.0,10641.0,3,75001
lefigaro,Appartement,1850000.0,112.0,16518.0,4,75004
lefigaro,Appartement,462000.0,52.05,8876.0,3,75019
lefigaro,Appartement,1095000.0,52.15,20997.0,2,75008
lefigaro,Appartement,541000.0,70.0,7729.0,3,75018
lefigaro,Appartement,699000.0,56.0,12482.0,2,75016
lefigaro,Appartement,570000.0,55.0,10364.0,3,75010
lefigaro,Appartement,650000.0,72.0,9028.0,3,75016
lefigaro,Appartement,300000.0,30.0,10000.0,2,75012
lefigaro,Appartement,1900000.0,144.0,13194.0,5,75016
lefigaro,Appartement,619000.0,54.1,11442.0,2,75012
lefigaro,Appartement,205000.0,25.0,8200.0,1,75019
lefigaro,Appartement,235000.0,21.0,11190.0,1,75020
lefigaro,Appartement,890000.0,71.0,12535.0,3,75002
lefigaro,Appartement,750000.0,57.03,13151.0,2,75004
lefigaro,Appartement,535000.0,41.5,12892.0,1,75012
lefigaro,Appartement,525000.0,48.0,10938.0,3,75014
lefigaro,Appartement,720000.0,59.8,12040.0,3,75016
lefigaro,Appartement,546000.0,75.35,7246.0,4,75012
lefigaro,Appartement,1825000.0,100.65,18132.0,4,75006
lefigaro,Appartement,850000.0,69.0,12319.0,3,75001
lefigaro,Appartement,550000.0,42.74,12869.0,2,75004
lefigaro,Appartement,690000.0,63.21,10916.0,3,75017
lefigaro,Appartement,2700000.0,197.5,13671.0,6,75017
lefigaro,Appartement,428000.0,31.2,13718.0,1,75012
lefigaro,Appartement,679000.0,56.25,12071.0,3,75008
lefigaro,Appartement,255000.0,29.0,8793.0,1,75020
lefigaro,Appartement,295000.0,24.3,12140.0,2,75015
lefigaro,Appartement,2690000.0,197.91,13592.0,6,75016
lefigaro,Appartement,817000.0,71.1,11491.0,3,75012
lefigaro,Appartement,367500.0,26.0,14135.0,1,75005
lefigaro,Appartement,333000.0,33.0,10091.0,2,75018
lefigaro,Appartement,725000.0,70.0,10357.0,2,75011
lefigaro,Appartement,1380000.0,78.0,17692.0,4,75004
lefigaro,Appartement,395000.0,20.0,19750.0,1,75007
lefigaro,Appartement,670000.0,60.0,11167.0,3,75014
lefigaro,Appartement,475000.0,54.0,8796.0,3,75018
lefigaro,Appartement,1495000.0,124.0,12056.0,6,75004
lefigaro,Appartement,175000.0,15.0,11667.0,1,75007
lefigaro,Appartement,1370000.0,94.55,14490.0,3,75008
lefigaro,Appartement,523000.0,41.5,12602.0,1,75012
lefigaro,Appartement,690000.0,60.0,11500.0,3,75017
lefigaro,Appartement,495000.0,53.0,9340.0,3,75018
lefigaro,Appartement,599000.0,71.0,8437.0,4,75018
lefigaro,Appartement,682500.0,65.0,10500.0,3,75015
lefigaro,Appartement,728000.0,63.8,11411.0,3,75012
lefigaro,Appartement,336000.0,37.0,9081.0,2,75012
lefigaro,Appartement,289000.0,30.54,9463.0,1,75012
lefigaro,Appartement,410000.0,43.0,9535.0,2,75020
lefigaro,Appartement,965000.0,101.01,9554.0,5,75014
lefigaro,Appartement,694000.0,63.7,10895.0,3,75012
lefigaro,Appartement,1401000.0,101.0,13871.0,4,75007
lefigaro,Appartement,985000.0,72.0,13681.0,3,75017
lefigaro,Appartement,685000.0,41.03,16695.0,2,75006
lefigaro,Appartement,590000.0,37.11,15899.0,1,75005
lefigaro,Appartement,362000.0,29.2,12397.0,1,75012
lefigaro,Appartement,695000.0,51.62,13464.0,3,75016
lefigaro,Appartement,425000.0,44.0,9659.0,2,75016
lefigaro,Appartement,730000.0,77.0,9481.0,3,75017
lefigaro,Appartement,2625000.0,242.0,10847.0,7,75016
lefigaro,Appartement,987000.0,79.5,12415.0,4,75012
lefigaro,Appartement,475000.0,35.08,13540.0,1,75011
lefigaro,Appartement,1210000.0,92.0,13152.0,3,75016
lefigaro,Appartement,165000.0,21.0,7857.0,1,75018
lefigaro,Appartement,670000.0,65.0,10308.0,3,75011
lefigaro,Appartement,810000.0,78.0,10385.0,3,75016
lefigaro,Appartement,2150000.0,203.0,10591.0,7,75017
lefigaro,Appartement,230000.0,33.99,6767.0,1,75019
lefigaro,Appartement,1050000.0,77.35,13575.0,3,75004
lefigaro,Appartement,725000.0,65.04,11147.0,3,75002
lefigaro,Appartement,606000.0,54.1,11201.0,2,75012
lefigaro,Appartement,439000.0,45.0,9756.0,3,75011
lefigaro,Appartement,370000.0,47.0,7872.0,2,75019
lefigaro,Appartement,998000.0,105.0,9505.0,4,75016
lefigaro,Appartement,990000.0,77.31,12806.0,4,75004
lefigaro,Appartement,700579.0,99.08,7071.0,5,75018
lefigaro,Appartement,1299000.0,120.0,10825.0,4,75016
lefigaro,Appartement,399000.0,43.0,9279.0,2,75016
lefigaro,Appartement,445000.0,45.0,9889.0,2,75016
lefigaro,Appartement,990000.0,54.57,18142.0,2,75001
lefigaro,Appartement,579000.0,70.81,8177.0,4,75018
lefigaro,Appartement,450000.0,35.0,12857.0,2,75005
lefigaro,Appartement,365000.0,32.0,11406.0,1,75015
lefigaro,Appartement,439000.0,38.18,11498.0,3,75011
lefigaro,Appartement,590000.0,30.01,19660.0,1,75003
lefigaro,Appartement,1495000.0,150.25,9950.0,5,75010
lefigaro,Appartement,532350.0,62.06,8578.0,3,75013
lefigaro,Appartement,1100000.0,85.0,12941.0,4,75015
lefigaro,Appartement,3100000.0,102.0,30392.0,4,75005
lefigaro,Appartement,3000000.0,191.0,15707.0,6,75016
lefigaro,Appartement,780000.0,61.45,12693.0,3,75015
lefigaro,Appartement,240000.0,19.0,12632.0,1,75005
lefigaro,Appartement,375000.0,62.0,6048.0,2,75020
lefigaro,Appartement,350000.0,36.39,9618.0,2,75010
lefigaro,Appartement,440000.0,50.13,8777.0,3,75010
lefigaro,Appartement,1780000.0,207.0,8599.0,7,75010
lefigaro,Appartement,193000.0,17.5,11029.0,1,75018
lefigaro,Appartement,239000.0,28.0,8536.0,1,75019
lefigaro,Appartement,2490000.0,164.0,15183.0,6,75006
lefigaro,Appartement,299000.0,25.03,11946.0,2,75010
lefigaro,Appartement,381000.0,41.83,9108.0,2,75019
lefigaro,Appartement,700000.0,101.1,6924.0,5,75017
lefigaro,Appartement,630000.0,57.17,11020.0,3,75016
lefigaro,Appartement,369900.0,37.0,9997.0,2,75005
lefigaro,Appartement,199000.0,13.21,15064.0,1,75005
lefigaro,Appartement,479000.0,49.0,9776.0,2,75011
lefigaro,Appartement,618500.0,50.31,12294.0,2,75018
lefigaro,Appartement,381000.0,41.83,9108.0,1,75019
lefigaro,Appartement,378000.0,32.15,11757.0,2,75014
lefigaro,Appartement,750000.0,55.0,13636.0,2,75008
lefigaro,Appartement,1705000.0,197.0,8655.0,7,75005
lefigaro,Appartement,2988000.0,125.0,23904.0,3,75008
lefigaro,Appartement,339000.0,32.0,10594.0,1,75015
lefigaro,Appartement,1590000.0,120.0,13250.0,6,75016
lefigaro,Appartement,795000.0,61.96,12831.0,3,75018
lefigaro,Appartement,640000.0,56.09,11410.0,3,75009
lefigaro,Appartement,1220000.0,127.3,9584.0,5,75010
lefigaro,Appartement,95700.0,9.01,10622.0,1,75009
lefigaro,Appartement,115000.0,20.0,5750.0,2,75019
lefigaro,Appartement,570000.0,35.38,16111.0,2,75003
lefigaro,Appartement,549000.0,72.0,7625.0,3,75013
lefigaro,Appartement,240000.0,26.01,9227.0,2,75020
lefigaro,Appartement,425000.0,43.92,9677.0,2,75013
lefigaro,Appartement,1495000.0,100.0,14950.0,5,75015
lefigaro,Appartement,1950000.0,69.9,27897.0,2,75007
lefigaro,Appartement,629000.0,52.47,11988.0,2,75013
lefigaro,Appartement,342000.0,27.35,12505.0,1,75004
lefigaro,Appartement,519750.0,52.8,9844.0,2,75012
lefigaro,Appartement,357000.0,30.08,11868.0,1,75011
lefigaro,Appartement,740000.0,53.0,13962.0,2,75005
lefigaro,Appartement,664000.0,58.66,11319.0,2,75013
lefigaro,Appartement,700000.0,78.0,8974.0,3,75019
lefigaro,Appartement,720000.0,82.0,8780.0,4,75012
lefigaro,Appartement,899900.0,67.0,13431.0,3,75012
lefigaro,Maison,3100000.0,157.0,19745.0,6,75007
lefigaro,Appartement,645000.0,58.62,11003.0,2,75013
lefigaro,Appartement,500000.0,40.0,12500.0,2,75017
lefigaro,Appartement,1180000.0,71.0,16620.0,3,75006
lefigaro,Appartement,250000.0,25.7,9728.0,2,75004
lefigaro,Appartement,1290000.0,65.0,19846.0,3,75016
lefigaro,Appartement,2990000.0,135.0,22148.0,3,75007
lefigaro,Appartement,150000.0,24.6,6098.0,2,75018
lefigaro,Appartement,512000.0,44.0,11636.0,2,75015
lefigaro,Appartement,220000.0,25.06,8779.0,1,75017
lefigaro,Appartement,215000.0,22.9,9389.0,1,75011
lefigaro,Appartement,390000.0,35.0,11143.0,1,75005
lefigaro,Appartement,162000.0,19.0,8526.0,2,75020
lefigaro,Appartement,290000.0,32.0,9063.0,1,75019
lefigaro,Appartement,500000.0,38.93,12844.0,2,75018
lefigaro,Appartement,211997.0,21.0,10095.0,1,75012
lefigaro,Appartement,390000.0,31.89,12230.0,2,75014
lefigaro,Appartement,1220000.0,87.0,14023.0,4,75008
lefigaro,Appartement,950000.0,88.32,10756.0,3,75015
lefigaro,Appartement,630000.0,45.0,14000.0,3,75011
lefigaro,Appartement,949000.0,93.0,10204.0,4,75015
lefigaro,Appartement,595000.0,53.0,11226.0,2,75017
lefigaro,Appartement,642000.0,72.1,8904.0,3,75012
lefigaro,Appartement,1310000.0,104.6,12524.0,4,75016
lefigaro,Appartement,477000.0,45.0,10600.0,2,75015
lefigaro,Appartement,687000.0,61.0,11262.0,3,75015
lefigaro,Appartement,498000.0,47.75,10429.0,3,75012
lefigaro,Appartement,755000.0,51.0,14804.0,3,75006
lefigaro,Appartement,1300000.0,143.79,9041.0,6,75015
lefigaro,Appartement,240000.0,22.0,10909.0,1,75017
lefigaro,Appartement,649000.0,50.0,12980.0,2,75016
lefigaro,Appartement,755000.0,63.98,11801.0,3,75011
lefigaro,Appartement,2908000.0,135.0,21541.0,5,75014
lefigaro,Appartement,950000.0,86.05,11040.0,4,75008
lefigaro,Appartement,2090000.0,211.0,9905.0,7,75016
lefigaro,Appartement,859000.0,89.0,9652.0,4,75015
lefigaro,Appartement,945000.0,49.56,19068.0,3,75009
lefigaro,Appartement,382000.0,39.0,9795.0,1,75018
lefigaro,Appartement,670000.0,65.0,10308.0,3,75016
lefigaro,Appartement,750000.0,97.0,7732.0,4,75016
lefigaro,Appartement,567000.0,49.71,11406.0,2,75015
lefigaro,Appartement,800000.0,69.0,11594.0,4,75020
lefigaro,Appartement,489000.0,37.0,13216.0,2,75001
lefigaro,Appartement,499000.0,50.0,9980.0,2,75015
lefigaro,Appartement,975000.0,127.0,7677.0,4,75020
lefigaro,Appartement,870000.0,98.77,8808.0,4,75010
lefigaro,Appartement,994700.0,87.0,11433.0,3,75017
lefigaro,Appartement,1095000.0,96.83,11308.0,5,75015
lefigaro,Appartement,1095000.0,96.83,11308.0,5,75015
lefigaro,Appartement,294000.0,29.63,9922.0,1,75016
lefigaro,Appartement,1090000.0,72.51,15032.0,2,75008
lefigaro,Appartement,1235000.0,105.0,11762.0,4,75017
lefigaro,Appartement,990000.0,90.0,11000.0,4,75017
lefigaro,Appartement,1160000.0,83.38,13912.0,4,75014
lefigaro,Appartement,480000.0,53.01,9055.0,2,75016
lefigaro,Appartement,949000.0,72.59,13073.0,3,75001
lefigaro,Appartement,487058.0,72.0,6765.0,4,75018
lefigaro,Appartement,189000.0,15.0,12600.0,1,75017
lefigaro,Appartement,745000.0,80.0,9313.0,3,75015
lefigaro,Appartement,495000.0,24.22,20438.0,1,75006
lefigaro,Appartement,215000.0,24.13,8910.0,1,75020
lefigaro,Appartement,321000.0,35.0,9171.0,2,75018
lefigaro,Appartement,1079000.0,92.01,11727.0,3,75016
lefigaro,Appartement,339000.0,37.0,9162.0,2,75014
lefigaro,Appartement,775000.0,91.0,8516.0,4,75018
lefigaro,Appartement,504000.0,60.0,8400.0,3,75018
lefigaro,Appartement,549500.0,72.0,7632.0,3,75015
lefigaro,Appartement,332000.0,36.0,9222.0,2,75014
lefigaro,Appartement,299000.0,46.0,6500.0,3,75018
lefigaro,Appartement,460000.0,53.0,8679.0,2,75013
lefigaro,Appartement,360000.0,38.0,9474.0,2,75019
lefigaro,Appartement,460000.0,47.0,9787.0,2,75013
lefigaro,Appartement,1295000.0,117.0,11068.0,5,75009
lefigaro,Appartement,525000.0,39.23,13383.0,2,75016
lefigaro,Appartement,1149000.0,87.0,13207.0,3,75016
lefigaro,Appartement,3490000.0,130.0,26846.0,4,75006
lefigaro,Appartement,645000.0,84.0,7679.0,4,75018
lefigaro,Appartement,965000.0,80.13,12043.0,4,75011
lefigaro,Appartement,395000.0,35.23,11212.0,1,75003
lefigaro,Appartement,559000.0,56.0,9982.0,2,75015
lefigaro,Appartement,730000.0,41.21,17714.0,2,75006
lefigaro,Appartement,554000.0,73.0,7589.0,4,75018
lefigaro,Appartement,520000.0,37.0,14054.0,2,75016
lefigaro,Appartement,449500.0,45.0,9989.0,2,75015
lefigaro,Appartement,2690000.0,210.0,12810.0,7,75017
lefigaro,Appartement,710000.0,55.32,12834.0,3,75009
lefigaro,Appartement,817000.0,96.0,8510.0,4,75018
lefigaro,Appartement,825000.0,92.0,8967.0,4,75014
lefigaro,Appartement,209500.0,19.0,11026.0,1,75015
lefigaro,Appartement,488000.0,45.0,10844.0,3,75015
lefigaro,Appartement,278000.0,16.32,17034.0,1,75007
lefigaro,Appartement,988000.0,115.0,8591.0,5,75018
lefigaro,Appartement,5980000.0,165.47,36139.0,6,75008
lefigaro,Appartement,756000.0,73.0,10356.0,3,75014
lefigaro,Appartement,500000.0,52.0,9615.0,2,75017
lefigaro,Appartement,380000.0,32.61,11653.0,2,75011
lefigaro,Appartement,331000.0,36.0,9194.0,2,75018
lefigaro,Appartement,2190000.0,144.0,15208.0,5,75008
lefigaro,Appartement,369900.0,58.0,6378.0,2,75018
lefigaro,Appartement,635000.0,71.0,8944.0,3,75018
lefigaro,Appartement,1750000.0,93.07,18803.0,4,75007
lefigaro,Appartement,830000.0,73.9,11231.0,3,75010
lefigaro,Appartement,953000.0,100.0,9530.0,5,75015
lefigaro,Appartement,1690000.0,132.0,12803.0,5,75016
lefigaro,Appartement,3190000.0,132.0,24167.0,4,75017
lefigaro,Appartement,1480000.0,129.0,11473.0,6,75008
lefigaro,Appartement,1460000.0,122.0,11967.0,5,75009
lefigaro,Appartement,373000.0,50.0,7460.0,3,75018
lefigaro,Appartement,699000.0,56.0,12482.0,3,75017
lefigaro,Appartement,530000.0,47.0,11277.0,2,75017
lefigaro,Appartement,555000.0,42.0,13214.0,2,75003
lefigaro,Appartement,4400000.0,273.3,16100.0,6,75016
lefigaro,Appartement,464000.0,40.0,11600.0,2,75013
lefigaro,Appartement,795000.0,74.0,10743.0,2,75016
lefigaro,Appartement,299500.0,35.0,8557.0,2,75015
lefigaro,Appartement,575000.0,63.0,9127.0,3,75015
lefigaro,Appartement,1360000.0,82.64,16457.0,4,75004
lefigaro,Appartement,441000.0,50.0,8820.0,2,75018
lefigaro,Appartement,507000.0,55.0,9218.0,3,75017
lefigaro,Appartement,435000.0,43.0,10116.0,2,75019
lefigaro,Appartement,442000.0,48.0,9208.0,3,75016
lefigaro,Appartement,1050000.0,96.04,10933.0,4,75017
lefigaro,Appartement,487000.0,37.0,13162.0,2,75014
lefigaro,Appartement,850000.0,43.91,19358.0,2,75007
lefigaro,Appartement,1125000.0,130.0,8654.0,3,75019
lefigaro,Appartement,1420000.0,110.0,12909.0,5,75009
lefigaro,Appartement,940000.0,74.06,12692.0,3,75015
lefigaro,Appartement,1080000.0,71.0,15211.0,3,75016
lefigaro,Appartement,595000.0,33.0,18030.0,1,75001
lefigaro,Appartement,770000.0,60.0,12833.0,3,75015
lefigaro,Appartement,550000.0,49.7,11066.0,2,75017
lefigaro,Appartement,3395000.0,270.0,12574.0,6,75017
lefigaro,Appartement,825000.0,80.74,10218.0,4,75016
lefigaro,Appartement,369000.0,36.0,10250.0,2,75015
lefigaro,Appartement,310000.0,28.1,11032.0,1,75014
lefigaro,Appartement,945000.0,54.0,17500.0,2,75006
lefigaro,Appartement,799000.0,80.0,9988.0,3,75013
lefigaro,Appartement,390000.0,24.8,15726.0,1,75005
lefigaro,Appartement,3350000.0,165.0,20303.0,5,75016
lefigaro,Appartement,330000.0,36.0,9167.0,1,75016
lefigaro,Appartement,300000.0,31.0,9677.0,1,75016
lefigaro,Appartement,799000.0,72.13,11077.0,3,75015
lefigaro,Appartement,445000.0,52.0,8558.0,2,75018
lefigaro,Appartement,462000.0,29.0,15931.0,1,75016
lefigaro,Appartement,770000.0,72.0,10694.0,3,75016
lefigaro,Appartement,1100000.0,67.1,16393.0,2,75016
lefigaro,Appartement,483000.0,49.05,9847.0,2,75012
lefigaro,Appartement,294000.0,22.67,12969.0,1,75008
lefigaro,Appartement,1306000.0,104.0,12558.0,5,75018
lefigaro,Appartement,957000.0,104.0,9202.0,3,75016
lefigaro,Appartement,294000.0,27.64,10637.0,2,75016
lefigaro,Appartement,445000.0,30.0,14833.0,2,75003
lefigaro,Appartement,655000.0,52.01,12594.0,3,75010
lefigaro,Appartement,617000.0,50.0,12340.0,3,75014
lefigaro,Appartement,1600000.0,116.36,13750.0,5,75006
lefigaro,Appartement,198000.0,16.55,11964.0,1,75005
lefigaro,Appartement,1390000.0,100.0,13900.0,5,75008
lefigaro,Appartement,900000.0,65.5,13740.0,3,75004
lefigaro,Appartement,379000.0,39.0,9718.0,1,75018
lefigaro,Appartement,1000000.0,66.0,15152.0,3,75006
lefigaro,Appartement,145000.0,15.5,9355.0,1,75009
lefigaro,Appartement,250000.0,21.0,11905.0,1,75017
lefigaro,Appartement,790000.0,78.0,10128.0,4,75019
lefigaro,Appartement,1290000.0,101.0,12772.0,5,75009
lefigaro,Appartement,1050000.0,85.0,12353.0,4,75016
lefigaro,Appartement,899000.0,110.0,8173.0,5,75013
lefigaro,Appartement,340000.0,35.0,9714.0,2,75011
lefigaro,Appartement,290000.0,18.26,15882.0,1,75016
lefigaro,Maison,1300000.0,98.0,13265.0,4,75020
lefigaro,Appartement,569500.0,71.0,8021.0,3,75015
lefigaro,Appartement,360000.0,48.0,7500.0,2,75020
lefigaro,Appartement,1340000.0,114.0,11754.0,4,75009
lefigaro,Appartement,2490000.0,144.0,17292.0,5,75016
lefigaro,Appartement,470000.0,82.0,5732.0,4,75020
lefigaro,Appartement,430500.0,27.0,15944.0,1,75006
lefigaro,Appartement,765000.0,80.12,9548.0,3,75015
lefigaro,Appartement,2550000.0,218.0,11697.0,6,75017
lefigaro,Appartement,312000.0,56.3,5542.0,2,75016
lefigaro,Appartement,1550000.0,139.6,11103.0,5,75020
lefigaro,Appartement,310000.0,29.0,10690.0,2,75015
lefigaro,Appartement,469500.0,47.0,9989.0,2,75015
lefigaro,Appartement,550000.0,46.37,11861.0,2,75011
lefigaro,Appartement,2100000.0,92.0,22826.0,4,75008
lefigaro,Appartement,783000.0,71.7,10921.0,3,75013
lefigaro,Appartement,1190000.0,82.72,14386.0,3,75004
lefigaro,Appartement,640000.0,52.0,12308.0,3,75017
lefigaro,Appartement,400000.0,47.0,8511.0,2,75018
lefigaro,Appartement,990000.0,67.33,14704.0,3,75005
lefigaro,Maison,1220000.0,98.2,12424.0,4,75020
lefigaro,Appartement,725000.0,56.0,12946.0,3,75017
lefigaro,Appartement,630000.0,63.0,10000.0,3,75015
lefigaro,Appartement,575000.0,61.0,9426.0,3,75015
lefigaro,Appartement,580000.0,63.0,9206.0,3,75015
lefigaro,Appartement,1449000.0,140.0,10350.0,5,75015
lefigaro,Appartement,710000.0,56.0,12679.0,3,75017
lefigaro,Appartement,1089000.0,106.0,10274.0,5,75009
lefigaro,Appartement,349500.0,35.0,9986.0,2,75015
lefigaro,Appartement,950000.0,81.0,11728.0,4,75017
lefigaro,Appartement,5750000.0,200.0,28750.0,5,75007
lefigaro,Appartement,1650000.0,103.9,15881.0,4,75017
lefigaro,Appartement,635000.0,69.0,9203.0,4,75018
lefigaro,Appartement,758000.0,56.72,13364.0,2,75015
lefigaro,Appartement,2120000.0,97.0,21856.0,4,75008
lefigaro,Appartement,650000.0,85.2,7629.0,4,75013
lefigaro,Appartement,1015000.0,81.5,12454.0,3,75017
lefigaro,Appartement,4950000.0,271.0,18266.0,7,75017
lefigaro,Appartement,2100000.0,163.0,12883.0,5,75017
lefigaro,Appartement,720000.0,50.33,14306.0,2,75007
lefigaro,Appartement,7800000.0,452.64,17232.0,18,75016
lefigaro,Appartement,596000.0,49.0,12163.0,2,75017
lefigaro,Appartement,250000.0,22.0,11364.0,1,75015
lefigaro,Appartement,1195000.0,82.0,14573.0,4,75017
lefigaro,Appartement,1380000.0,106.0,13019.0,5,75017
lefigaro,Appartement,3430000.0,185.38,18503.0,6,75016
lefigaro,Appartement,540000.0,39.2,13776.0,1,75017
lefigaro,Appartement,2480000.0,148.0,16757.0,5,75007
lefigaro,Appartement,3430000.0,193.0,17772.0,6,75017
lefigaro,Appartement,526000.0,42.0,12524.0,2,75017
lefigaro,Appartement,1230000.0,83.78,14681.0,3,75015
lefigaro,Appartement,476000.0,38.1,12493.0,1,75017
lefigaro,Appartement,845000.0,59.0,14322.0,3,75018
lefigaro,Appartement,1590000.0,143.0,11119.0,6,75017
lefigaro,Appartement,1995000.0,124.0,16089.0,5,75007
lefigaro,Appartement,2100000.0,163.0,12883.0,5,75017
lefigaro,Appartement,995000.0,64.0,15547.0,2,75016
lefigaro,Appartement,1395000.0,123.0,11341.0,5,75017
lefigaro,Appartement,1768000.0,156.0,11333.0,5,75017
lefigaro,Appartement,560000.0,33.17,16883.0,2,75006
lefigaro,Appartement,650000.0,106.0,6132.0,4,75009
lefigaro,Appartement,850000.0,62.17,13672.0,4,75001
lefigaro,Appartement,1250000.0,105.2,11882.0,4,75017
lefigaro,Appartement,1699000.0,148.0,11480.0,6,75016
lefigaro,Appartement,2790000.0,202.0,13812.0,5,75017
lefigaro,Appartement,2095000.0,177.0,11836.0,7,75011
lefigaro,Appartement,2590000.0,218.28,11865.0,7,75016
lefigaro,Appartement,584000.0,49.0,11918.0,2,75017
lefigaro,Appartement,1590000.0,118.0,13475.0,6,75017
lefigaro,Appartement,2890000.0,216.0,13380.0,8,75016
lefigaro,Appartement,1690000.0,110.0,15364.0,4,75008
lefigaro,Appartement,850000.0,82.12,10351.0,2,75011
lefigaro,Appartement,995000.0,87.7,11345.0,3,75017
lefigaro,Appartement,890000.0,84.0,10595.0,4,75017
lefigaro,Appartement,260000.0,20.0,13000.0,1,75017
lefigaro,Appartement,349000.0,36.0,9694.0,2,75015
lefigaro,Appartement,4400000.0,175.24,25108.0,4,75007
lefigaro,Appartement,590000.0,49.0,12041.0,2,75017
lefigaro,Appartement,980000.0,76.0,12895.0,3,75017
lefigaro,Appartement,260000.0,20.0,13000.0,1,75006
lefigaro,Appartement,525000.0,30.06,17465.0,2,75006
lefigaro,Appartement,1235000.0,105.2,11740.0,4,75017
lefigaro,Appartement,650000.0,80.0,8125.0,5,75014
lefigaro,Appartement,670000.0,57.0,11754.0,2,75010
lefigaro,Appartement,1340000.0,107.0,12523.0,4,75017
lefigaro,Appartement,585000.0,46.02,12712.0,2,75017
lefigaro,Appartement,320000.0,38.0,8421.0,2,75012
lefigaro,Appartement,880000.0,92.0,9565.0,3,75004
lefigaro,Appartement,860000.0,71.0,12113.0,4,75005
lefigaro,Appartement,1900000.0,171.0,11111.0,7,75016
lefigaro,Appartement,239000.0,22.72,10519.0,1,75004
lefigaro,Appartement,3980000.0,176.86,22504.0,5,75016
lefigaro,Appartement,1911000.0,147.0,13000.0,5,75008
lefigaro,Appartement,780000.0,60.14,12970.0,2,75017
lefigaro,Appartement,1195000.0,108.0,11065.0,3,75016
lefigaro,Appartement,1125000.0,64.61,17412.0,3,75003
lefigaro,Appartement,3195000.0,250.0,12780.0,6,75016
lefigaro,Appartement,249000.0,24.94,9984.0,1,75013
lefigaro,Appartement,780000.0,59.63,13081.0,2,75016
lefigaro,Appartement,1345000.0,123.2,10917.0,4,75003
lefigaro,Appartement,155000.0,12.0,12917.0,1,75017
lefigaro,Appartement,1298000.0,118.0,11000.0,4,75002
lefigaro,Appartement,1190000.0,85.0,14000.0,3,75008
lefigaro,Appartement,665000.0,42.14,15781.0,2,75004
lefigaro,Appartement,875000.0,46.5,18817.0,2,75008
lefigaro,Appartement,1990000.0,160.0,12438.0,7,75017
lefigaro,Appartement,1380000.0,106.0,13019.0,5,75016
lefigaro,Appartement,925000.0,84.0,11012.0,3,75017
lefigaro,Appartement,3430000.0,193.0,17772.0,6,75016
lefigaro,Appartement,2100000.0,163.0,12883.0,5,75018
lefigaro,Appartement,1150000.0,98.0,11735.0,4,75009
lefigaro,Appartement,470000.0,45.0,10444.0,2,75020
lefigaro,Appartement,1050000.0,78.0,13462.0,4,75006
lefigaro,Appartement,1395000.0,123.0,11341.0,5,75016
lefigaro,Appartement,580000.0,66.0,8788.0,3,75013
lefigaro,Appartement,1890000.0,156.13,12105.0,5,75017
lefigaro,Appartement,850000.0,65.0,13077.0,3,75016
lefigaro,Appartement,2095000.0,177.0,11836.0,7,75003
lefigaro,Appartement,1400000.0,105.09,13322.0,4,75016
lefigaro,Appartement,2980000.0,230.0,12957.0,6,75017
lefigaro,Appartement,1690000.0,110.0,15364.0,4,75001
lefigaro,Appartement,2190000.0,200.0,10950.0,5,75002
lefigaro,Appartement,2640000.0,86.01,30694.0,3,75015
lefigaro,Appartement,2100000.0,163.0,12883.0,5,75018
lefigaro,Appartement,420000.0,42.0,10000.0,2,75015
lefigaro,Appartement,639000.0,54.29,11770.0,2,75015
lefigaro,Appartement,1150000.0,67.44,17052.0,3,75007
lefigaro,Appartement,850000.0,70.7,12023.0,3,75020
lefigaro,Appartement,1140000.0,144.63,7882.0,6,75020
lefigaro,Appartement,280000.0,17.0,16471.0,1,75004
lefigaro,Appartement,2790000.0,202.0,13812.0,5,75008
lefigaro,Appartement,3430000.0,168.67,20336.0,5,75017
lefigaro,Appartement,1990000.0,104.0,19135.0,4,75004
lefigaro,Appartement,240000.0,21.0,11429.0,1,75016
lefigaro,Appartement,349500.0,41.0,8524.0,2,75015
lefigaro,Appartement,590000.0,47.0,12553.0,2,75017
lefigaro,Appartement,1365000.0,80.0,17063.0,3,75016
lefigaro,Appartement,2790000.0,210.0,13286.0,5,75017
lefigaro,Appartement,130000.0,10.0,13000.0,1,75017
lefigaro,Appartement,680000.0,57.01,11928.0,2,75010
lefigaro,Appartement,299000.0,28.0,10679.0,2,75015
lefigaro,Appartement,1350000.0,104.0,12981.0,4,75017
lefigaro,Appartement,1375000.0,111.58,12323.0,5,75016
lefigaro,Appartement,740000.0,66.0,11212.0,3,75011
lefigaro,Appartement,1298000.0,118.0,11000.0,4,75004
lefigaro,Appartement,1990000.0,160.0,12438.0,7,75016
lefigaro,Appartement,1450000.0,133.28,10879.0,4,75016
lefigaro,Appartement,599000.0,37.0,16189.0,1,75004
lefigaro,Appartement,490000.0,36.0,13611.0,2,75017
lefigaro,Appartement,1235000.0,108.0,11435.0,4,75017
lefigaro,Appartement,100000.0,11.7,8547.0,1,75010
lefigaro,Appartement,2750000.0,176.14,15613.0,5,75004
lefigaro,Appartement,545000.0,53.49,10189.0,2,75013
lefigaro,Appartement,299900.0,20.0,14995.0,1,75006
lefigaro,Appartement,2700000.0,195.0,13846.0,5,75017
lefigaro,Appartement,525000.0,39.53,13281.0,2,75003
lefigaro,Appartement,1650000.0,106.04,15560.0,4,75016
lefigaro,Appartement,1210000.0,90.74,13335.0,4,75016
lefigaro,Appartement,2980000.0,230.0,12957.0,6,75016
lefigaro,Appartement,1285000.0,128.5,10000.0,5,75017
lefigaro,Appartement,700000.0,63.0,11111.0,3,75016
lefigaro,Appartement,699000.0,65.0,10754.0,3,75005
lefigaro,Appartement,2190000.0,200.0,10950.0,5,75003
lefigaro,Appartement,798000.0,64.0,12469.0,3,75008
lefigaro,Appartement,1049000.0,96.0,10927.0,5,75015
lefigaro,Appartement,280000.0,30.55,9165.0,1,75015
lefigaro,Appartement,282500.0,26.0,10865.0,1,75018
lefigaro,Appartement,790000.0,73.63,10729.0,3,75018
lefigaro,Appartement,450000.0,38.62,11652.0,2,75011
lefigaro,Appartement,2365000.0,192.0,12318.0,6,75017
lefigaro,Appartement,2900000.0,176.0,16477.0,5,75006
lefigaro,Appartement,1650000.0,105.0,15714.0,4,75017
lefigaro,Appartement,770000.0,72.0,10694.0,3,75017
lefigaro,Appartement,587000.0,42.0,13976.0,2,75006
lefigaro,Maison,495000.0,57.0,8684.0,3,75017
lefigaro,Maison,495000.0,57.0,8684.0,3,75017
lefigaro,Appartement,570000.0,44.0,12955.0,2,75016
lefigaro,Appartement,1490000.0,116.0,12845.0,5,75017
lefigaro,Appartement,1600000.0,113.0,14159.0,4,75008
lefigaro,Appartement,810000.0,80.04,10120.0,4,75017
lefigaro,Appartement,229000.0,17.0,13471.0,2,75015
lefigaro,Appartement,1140000.0,114.58,9949.0,4,75015
lefigaro,Appartement,780000.0,65.0,12000.0,3,75001
lefigaro,Appartement,698000.0,89.0,7843.0,4,75016
lefigaro,Appartement,1599000.0,100.0,15990.0,4,75014
lefigaro,Appartement,507000.0,55.0,9218.0,3,75017
lefigaro,Appartement,470000.0,42.5,11059.0,2,75015
lefigaro,Appartement,395000.0,33.46,11805.0,1,75008
lefigaro,Appartement,498200.0,65.65,7589.0,3,75012
lefigaro,Appartement,1470000.0,90.0,16333.0,4,75016
lefigaro,Appartement,280000.0,29.0,9655.0,2,75010
lefigaro,Appartement,375700.0,36.0,10436.0,2,75012
lefigaro,Appartement,319200.0,36.09,8845.0,2,75012
lefigaro,Appartement,1980000.0,166.4,11899.0,6,75018
lefigaro,Appartement,455000.0,51.3,8869.0,3,75013
lefigaro,Appartement,530000.0,56.28,9417.0,2,75012
lefigaro,Appartement,285000.0,30.02,9494.0,2,75015
lefigaro,Appartement,1390000.0,100.0,13900.0,4,75003
lefigaro,Appartement,2290000.0,195.0,11744.0,5,75016
lefigaro,Appartement,535000.0,47.48,11268.0,3,75014
lefigaro,Appartement,605000.0,62.05,9750.0,2,75011
lefigaro,Appartement,550000.0,50.62,10865.0,2,75018
lefigaro,Appartement,549000.0,50.0,10980.0,2,75008
lefigaro,Appartement,750000.0,68.0,11029.0,3,75016
lefigaro,Maison,1575000.0,124.0,12702.0,5,75014
lefigaro,Appartement,6200000.0,237.21,26137.0,6,75016
lefigaro,Maison,3840000.0,285.0,13474.0,8,75016
lefigaro,Appartement,577100.0,60.0,9618.0,2,75020
lefigaro,Appartement,1799000.0,159.0,11314.0,6,75008
lefigaro,Appartement,3490000.0,182.07,19168.0,6,75006
lefigaro,Appartement,275000.0,26.34,10440.0,1,75014
lefigaro,Appartement,765000.0,46.92,16304.0,2,75007
lefigaro,Appartement,988000.0,115.0,8591.0,5,75018
lefigaro,Appartement,570000.0,50.0,11400.0,2,75016
lefigaro,Appartement,2200000.0,151.0,14570.0,5,75005
lefigaro,Appartement,330000.0,22.0,15000.0,1,75018
lefigaro,Appartement,637000.0,47.9,13299.0,2,75013
lefigaro,Appartement,440000.0,40.0,11000.0,2,75016
lefigaro,Appartement,2395000.0,197.0,12157.0,6,75017
lefigaro,Appartement,367000.0,42.0,8738.0,3,75013
lefigaro,Appartement,2050000.0,165.0,12424.0,6,75017
lefigaro,Appartement,485000.0,49.0,9898.0,3,75018
lefigaro,Appartement,1195000.0,112.87,10587.0,6,75016
lefigaro,Appartement,385000.0,34.84,11051.0,2,75017
lefigaro,Appartement,690000.0,81.0,8519.0,4,75020
lefigaro,Appartement,850000.0,90.0,9444.0,5,75011
lefigaro,Appartement,1300000.0,94.0,13830.0,3,75015
lefigaro,Appartement,385000.0,35.4,10876.0,1,75015
lefigaro,Appartement,705000.0,68.0,10368.0,3,75020
lefigaro,Appartement,1456000.0,84.0,17333.0,3,75007
lefigaro,Appartement,1490000.0,76.75,19414.0,4,75015
lefigaro,Appartement,590000.0,38.07,15498.0,2,75004
lefigaro,Appartement,367500.0,20.32,18086.0,1,75007
lefigaro,Appartement,850000.0,88.0,9659.0,5,75011
lefigaro,Appartement,2700000.0,197.5,13671.0,6,75017
lefigaro,Appartement,2026000.0,132.0,15348.0,4,75008
lefigaro,Appartement,225000.0,25.0,9000.0,1,75017
lefigaro,Appartement,745000.0,50.0,14900.0,2,75016
lefigaro,Appartement,748800.0,68.66,10906.0,3,75008
lefigaro,Maison,1690000.0,244.0,6926.0,6,75015
lefigaro,Appartement,250000.0,25.19,9925.0,1,75009
lefigaro,Appartement,695000.0,80.0,8688.0,4,75015
lefigaro,Appartement,175000.0,17.0,10294.0,1,75014
lefigaro,Appartement,1850000.0,140.0,13214.0,5,75016
lefigaro,Appartement,1300000.0,112.75,11530.0,5,75016
lefigaro,Appartement,670000.0,78.0,8590.0,4,75015
lefigaro,Appartement,295000.0,21.41,13779.0,1,75017
lefigaro,Appartement,349000.0,42.0,8310.0,2,75018
lefigaro,Appartement,1850000.0,74.0,25000.0,3,75006
lefigaro,Appartement,1850000.0,167.0,11078.0,6,75008
lefigaro,Maison,319500.0,34.5,9261.0,3,75013
lefigaro,Appartement,465000.0,40.34,11527.0,2,75016
lefigaro,Appartement,299000.0,27.03,11062.0,2,75011
lefigaro,Appartement,755000.0,74.3,10162.0,3,75016
lefigaro,Appartement,2090000.0,140.07,14921.0,7,75015
lefigaro,Appartement,640000.0,45.0,14222.0,2,75011
lefigaro,Appartement,2850000.0,189.15,15067.0,5,75016
lefigaro,Appartement,4560000.0,249.0,18313.0,8,75008
lefigaro,Appartement,1140000.0,195.0,5846.0,8,75018
lefigaro,Appartement,1024000.0,115.0,8904.0,4,75018
lefigaro,Appartement,2025000.0,174.17,11627.0,6,75017
lefigaro,Appartement,728000.0,56.0,13000.0,2,75016
lefigaro,Appartement,720000.0,73.0,9863.0,4,75018
lefigaro,Appartement,277000.0,22.0,12591.0,2,75015
lefigaro,Appartement,1695000.0,168.26,10074.0,6,75016
lefigaro,Appartement,620000.0,82.09,7553.0,4,75012
lefigaro,Appartement,549000.0,72.0,7625.0,3,75013
lefigaro,Appartement,449000.0,40.0,11225.0,2,75018
lefigaro,Appartement,162000.0,17.0,9529.0,1,75011
lefigaro,Appartement,250000.0,22.0,11364.0,2,75018
lefigaro,Appartement,1400000.0,88.43,15832.0,4,75016
lefigaro,Appartement,2340000.0,121.0,19339.0,5,75006
lefigaro,Appartement,599000.0,55.0,10891.0,3,75011
lefigaro,Appartement,135000.0,25.0,5400.0,2,75004
lefigaro,Appartement,4500000.0,332.02,13553.0,8,75016
lefigaro,Appartement,448000.0,38.4,11667.0,2,75015
lefigaro,Appartement,2400000.0,156.0,15385.0,4,75016
lefigaro,Appartement,6000000.0,200.0,30000.0,5,75006
lefigaro,Appartement,1910000.0,129.0,14806.0,5,75016
lefigaro,Appartement,589000.0,54.2,10867.0,2,75010
lefigaro,Appartement,1080000.0,114.6,9424.0,5,75010
lefigaro,Appartement,386000.0,44.0,8773.0,2,75013
lefigaro,Appartement,3950000.0,227.0,17401.0,8,75016
lefigaro,Appartement,9000000.0,277.95,32380.0,7,75008
lefigaro,Appartement,1190000.0,97.0,12268.0,4,75017
lefigaro,Appartement,199900.0,24.15,8277.0,2,75019
lefigaro,Appartement,2450000.0,185.0,13243.0,4,75009
lefigaro,Appartement,370000.0,32.5,11385.0,2,75018
lefigaro,Appartement,1890000.0,123.0,15366.0,4,75004
lefigaro,Appartement,285000.0,40.0,7125.0,2,75018
lefigaro,Appartement,149000.0,14.57,10226.0,1,75019
lefigaro,Appartement,700000.0,70.0,10000.0,3,75015
lefigaro,Appartement,315000.0,33.01,9543.0,1,75014
lefigaro,Appartement,665000.0,53.0,12547.0,3,75009
lefigaro,Appartement,528000.0,58.0,9103.0,4,75015
lefigaro,Appartement,550000.0,68.0,8088.0,3,75016
lefigaro,Appartement,1750000.0,154.72,11311.0,5,75017
lefigaro,Appartement,670000.0,83.0,8072.0,3,75018
lefigaro,Appartement,275000.0,42.0,6548.0,2,75013
lefigaro,Appartement,679000.0,60.0,11317.0,3,75016
lefigaro,Appartement,2950000.0,239.5,12317.0,6,75016
lefigaro,Appartement,750000.0,54.04,13879.0,2,75016
lefigaro,Appartement,698000.0,63.98,10910.0,3,75015
lefigaro,Appartement,2400000.0,150.0,16000.0,5,75018
lefigaro,Appartement,1180000.0,112.33,10505.0,5,75016
lefigaro,Appartement,525000.0,49.06,10701.0,2,75010
lefigaro,Appartement,445000.0,47.0,9468.0,2,75019
lefigaro,Appartement,1250000.0,125.47,9963.0,5,75016
lefigaro,Appartement,2350000.0,149.14,15757.0,5,75008
lefigaro,Appartement,472500.0,66.6,7095.0,2,75015
lefigaro,Maison,2995000.0,321.0,9330.0,11,75017
lefigaro,Appartement,2700000.0,171.8,15716.0,5,75008
lefigaro,Appartement,668000.0,60.0,11133.0,3,75017
lefigaro,Appartement,1120000.0,76.9,14564.0,3,75016
lefigaro,Appartement,389500.0,50.5,7713.0,3,75018
lefigaro,Appartement,460000.0,48.0,9583.0,2,75015
lefigaro,Appartement,720000.0,74.0,9730.0,3,75015
lefigaro,Appartement,425000.0,50.0,8500.0,3,75018
lefigaro,Appartement,1090000.0,86.19,12646.0,4,75015
lefigaro,Appartement,1050000.0,104.0,10096.0,4,75009
lefigaro,Appartement,699000.0,70.0,9986.0,2,75004
lefigaro,Appartement,1498000.0,123.0,12179.0,5,75016
lefigaro,Appartement,669000.0,89.35,7487.0,4,75019
lefigaro,Appartement,995000.0,98.04,10149.0,4,75017
lefigaro,Appartement,549000.0,63.0,8714.0,3,75016
lefigaro,Appartement,535000.0,45.03,11881.0,2,75016
lefigaro,Appartement,272000.0,35.0,7771.0,2,75018
lefigaro,Appartement,2340000.0,200.32,11681.0,6,75016
lefigaro,Appartement,455000.0,35.5,12817.0,1,75008
lefigaro,Appartement,1150000.0,66.0,17424.0,2,75016
lefigaro,Appartement,369000.0,28.01,13174.0,2,75015
lefigaro,Appartement,1350000.0,107.53,12555.0,5,75016
lefigaro,Appartement,398000.0,26.35,15104.0,1,75004
lefigaro,Appartement,709000.0,70.0,10129.0,4,75012
lefigaro,Appartement,340000.0,28.0,12143.0,1,75016
lefigaro,Appartement,1295000.0,109.0,11881.0,4,75015
lefigaro,Appartement,817000.0,95.0,8600.0,4,75018
lefigaro,Appartement,335000.0,31.0,10806.0,1,75018
lefigaro,Appartement,308500.0,32.0,9641.0,2,75015
lefigaro,Appartement,304000.0,31.44,9669.0,2,75015
lefigaro,Appartement,188000.0,12.0,15667.0,1,75006
lefigaro,Appartement,213000.0,22.58,9433.0,1,75014
lefigaro,Appartement,410000.0,56.0,7321.0,1,75010
lefigaro,Appartement,690000.0,89.0,7753.0,4,75018
lefigaro,Appartement,239000.0,19.0,12579.0,1,75016
lefigaro,Appartement,545000.0,48.86,11154.0,2,75012
lefigaro,Appartement,550670.0,52.09,10572.0,3,75019
lefigaro,Appartement,1549000.0,93.0,16656.0,4,75016
lefigaro,Appartement,960000.0,76.0,12632.0,3,75003
lefigaro,Appartement,1050000.0,72.0,14583.0,3,75004
lefigaro,Appartement,895000.0,95.0,9421.0,3,75009
lefigaro,Appartement,895000.0,95.0,9421.0,4,75009
lefigaro,Appartement,722400.0,73.0,9896.0,3,75020
lefigaro,Appartement,679000.0,69.07,9831.0,3,75016
lefigaro,Appartement,2790000.0,210.0,13286.0,5,75018
lefigaro,Appartement,399000.0,46.0,8674.0,2,75015
lefigaro,Appartement,730000.0,62.0,11774.0,4,75018
lefigaro,Appartement,960000.0,82.0,11707.0,4,75016
lefigaro,Appartement,447200.0,34.0,13153.0,1,75008
lefigaro,Appartement,271960.0,16.21,16777.0,1,75006
lefigaro,Appartement,2490000.0,156.91,15869.0,5,75008
lefigaro,Appartement,2180000.0,180.0,12111.0,5,75017
lefigaro,Appartement,798000.0,83.0,9614.0,3,75016
lefigaro,Appartement,195000.0,13.03,14965.0,1,75001
lefigaro,Appartement,320000.0,40.0,8000.0,1,75011
lefigaro,Appartement,1100000.0,115.0,9565.0,4,75020
lefigaro,Appartement,367000.0,27.11,13537.0,2,75018
lefigaro,Appartement,699000.0,76.0,9197.0,4,75016
lefigaro,Appartement,339000.0,30.0,11300.0,2,75018
lefigaro,Appartement,190000.0,19.39,9799.0,1,75018
lefigaro,Appartement,2450000.0,100.28,24432.0,3,75007
lefigaro,Appartement,1960000.0,145.0,13517.0,5,75016
lefigaro,Appartement,1751000.0,134.0,13067.0,5,75016
lefigaro,Appartement,1099000.0,92.0,11946.0,4,75016
lefigaro,Appartement,795000.0,62.66,12688.0,3,75002
lefigaro,Appartement,649000.0,61.0,10639.0,3,75017
lefigaro,Appartement,165000.0,18.0,9167.0,1,75018
lefigaro,Appartement,465000.0,52.0,8942.0,2,75019
lefigaro,Appartement,898000.0,72.0,12472.0,4,75015
lefigaro,Appartement,139000.0,13.0,10692.0,1,75020
lefigaro,Appartement,450000.0,34.0,13235.0,1,75018
lefigaro,Appartement,199000.0,17.0,11706.0,1,75018
lefigaro,Appartement,475000.0,43.0,11047.0,2,75006
lefigaro,Appartement,1685000.0,123.6,13633.0,5,75017
lefigaro,Appartement,359000.0,32.0,11219.0,2,75009
lefigaro,Appartement,475000.0,62.59,7589.0,3,75018
lefigaro,Appartement,1890000.0,130.0,14538.0,6,75016
lefigaro,Appartement,170000.0,23.96,7095.0,1,75018
lefigaro,Appartement,775000.0,64.69,11980.0,3,75016
lefigaro,Appartement,242000.0,28.0,8643.0,1,75018
lefigaro,Appartement,420000.0,53.76,7813.0,3,75018
lefigaro,Appartement,418000.0,48.0,8708.0,2,75016
lefigaro,Appartement,369500.0,38.0,9724.0,2,75015
lefigaro,Appartement,728000.0,78.0,9333.0,3,75016
lefigaro,Appartement,370000.0,42.54,8698.0,2,75018
lefigaro,Appartement,245000.0,25.0,9800.0,1,75018
lefigaro,Appartement,795000.0,44.34,17930.0,2,75008
lefigaro,Appartement,271700.0,30.0,9057.0,1,75012
lefigaro,Appartement,339000.0,28.71,11808.0,1,75014
lefigaro,Appartement,520000.0,40.14,12955.0,2,75015
lefigaro,Appartement,1790000.0,100.77,17763.0,4,75007
lefigaro,Appartement,449000.0,39.0,11513.0,2,75002
lefigaro,Appartement,650000.0,60.0,10833.0,3,75016
lefigaro,Appartement,120000.0,10.0,12000.0,1,75008
lefigaro,Appartement,800000.0,70.21,11394.0,3,75017
lefigaro,Appartement,134000.0,9.0,14889.0,1,75016
lefigaro,Appartement,719000.0,62.0,11597.0,3,75017
lefigaro,Appartement,456000.0,52.0,8769.0,3,75015
lefigaro,Appartement,850000.0,45.0,18889.0,2,75007
lefigaro,Appartement,1900000.0,270.0,7037.0,6,75020
lefigaro,Appartement,1590000.0,142.0,11197.0,6,75020
lefigaro,Appartement,129000.0,13.73,9395.0,1,75010
lefigaro,Appartement,1135000.0,103.2,10998.0,4,75011
lefigaro,Appartement,1656000.0,148.0,11189.0,5,75018
lefigaro,Appartement,550000.0,72.38,7599.0,3,75013
lefigaro,Appartement,400000.0,38.61,10360.0,1,75010
lefigaro,Appartement,995000.0,83.49,11918.0,3,75016
lefigaro,Appartement,1250000.0,89.57,13956.0,4,75004
lefigaro,Appartement,750000.0,60.51,12395.0,3,75004
lefigaro,Appartement,549000.0,59.0,9305.0,3,75017
lefigaro,Appartement,790000.0,72.0,10972.0,4,75015
lefigaro,Appartement,518000.0,53.05,9764.0,2,75014
lefigaro,Appartement,1270000.0,102.0,12451.0,4,75007
lefigaro,Appartement,699000.0,70.0,9986.0,4,75013
lefigaro,Appartement,325000.0,25.0,13000.0,2,75018
lefigaro,Appartement,520000.0,29.15,17839.0,2,75006
lefigaro,Appartement,198000.0,10.6,18679.0,1,75006
lefigaro,Appartement,790000.0,54.0,14630.0,2,75003
lefigaro,Appartement,1390000.0,120.0,11583.0,6,75016
lefigaro,Appartement,820000.0,75.4,10875.0,4,75011
lefigaro,Appartement,486000.0,54.39,8935.0,2,75012
lefigaro,Appartement,1340000.0,83.0,16145.0,4,75018
lefigaro,Appartement,990000.0,83.0,11928.0,4,75014
lefigaro,Appartement,2320000.0,206.45,11238.0,6,75016
lefigaro,Appartement,1120000.0,83.75,13373.0,4,75016
lefigaro,Appartement,1495000.0,152.8,9784.0,5,75016
lefigaro,Appartement,630000.0,63.61,9904.0,3,75018
lefigaro,Appartement,3950000.0,240.64,16415.0,7,75016
lefigaro,Appartement,140000.0,9.46,14799.0,1,75006
lefigaro,Appartement,2000000.0,112.0,17857.0,4,75006
lefigaro,Appartement,2608000.0,224.0,11643.0,7,75016
lefigaro,Appartement,549000.0,63.0,8714.0,3,75014
lefigaro,Appartement,460000.0,66.0,6970.0,4,75020
lefigaro,Appartement,465000.0,35.0,13286.0,2,75002
lefigaro,Appartement,709000.0,70.0,10129.0,3,75011
lefigaro,Appartement,140400.0,13.28,10572.0,1,75011
lefigaro,Appartement,548000.0,52.0,10538.0,2,75016
lefigaro,Appartement,1270000.0,67.67,18768.0,4,75007
lefigaro,Appartement,310000.0,30.0,10333.0,2,75010
lefigaro,Appartement,780000.0,61.03,12781.0,3,75003
lefigaro,Appartement,285000.0,22.0,12955.0,1,75011
lefigaro,Appartement,1150000.0,97.09,11845.0,4,75016
lefigaro,Appartement,965000.0,108.0,8935.0,4,75010
lefigaro,Appartement,443000.0,43.8,10114.0,2,75018
lefigaro,Appartement,785000.0,74.0,10608.0,4,75014
lefigaro,Appartement,659000.0,84.0,7845.0,4,75020
lefigaro,Appartement,795000.0,89.0,8933.0,4,75015
lefigaro,Appartement,919000.0,70.0,13129.0,3,75005
lefigaro,Appartement,275000.0,28.0,9821.0,2,75015
lefigaro,Appartement,120000.0,13.0,9231.0,1,75017
lefigaro,Appartement,522000.0,33.0,15818.0,3,75008
lefigaro,Appartement,1300000.0,150.0,8667.0,6,75012
lefigaro,Appartement,179000.0,18.0,9944.0,1,75017
lefigaro,Appartement,898000.0,70.0,12829.0,3,75002
lefigaro,Appartement,920000.0,71.0,12958.0,3,75003
lefigaro,Appartement,1790000.0,115.97,15435.0,4,75005
lefigaro,Appartement,530000.0,40.09,13220.0,2,75004
lefigaro,Appartement,695000.0,50.0,13900.0,2,75001
lefigaro,Appartement,540000.0,39.26,13754.0,2,75003
lefigaro,Appartement,307000.0,20.65,14867.0,1,75005
lefigaro,Appartement,1350000.0,99.41,13580.0,4,75009
lefigaro,Appartement,590000.0,31.89,18501.0,1,75008
lefigaro,Appartement,420000.0,40.0,10500.0,2,75011
lefigaro,Appartement,489000.0,56.58,8643.0,4,75013
lefigaro,Appartement,1700000.0,149.0,11409.0,7,75009
lefigaro,Appartement,334500.0,29.0,11534.0,2,75017
lefigaro,Appartement,590000.0,55.0,10727.0,3,75015
lefigaro,Appartement,3190000.0,200.0,15950.0,7,75016
lefigaro,Appartement,745000.0,48.29,15428.0,2,75003
lefigaro,Appartement,752000.0,63.8,11787.0,3,75012
lefigaro,Appartement,590000.0,45.0,13111.0,1,75003
lefigaro,Appartement,1390000.0,100.0,13900.0,5,75016
lefigaro,Appartement,728000.0,73.5,9905.0,4,75013
lefigaro,Appartement,650000.0,37.5,17333.0,2,75016
lefigaro,Appartement,1170000.0,89.85,13022.0,4,75017
lefigaro,Appartement,510000.0,52.0,9808.0,3,75018
lefigaro,Appartement,220000.0,25.0,8800.0,1,75014
lefigaro,Appartement,300000.0,24.51,12240.0,1,75003
lefigaro,Appartement,439000.0,37.41,11735.0,2,75016
lefigaro,Appartement,122000.0,22.63,5391.0,2,75011
lefigaro,Appartement,1090000.0,98.0,11122.0,5,75009
lefigaro,Appartement,669000.0,69.0,9696.0,3,75011
lefigaro,Appartement,910000.0,97.0,9381.0,4,75015
lefigaro,Appartement,299000.0,34.0,8794.0,2,75015
lefigaro,Appartement,349000.0,22.45,15546.0,1,75007
lefigaro,Appartement,924000.0,88.0,10500.0,5,75015
lefigaro,Appartement,843000.0,62.62,13462.0,3,75005
lefigaro,Appartement,440000.0,42.33,10395.0,2,75011
lefigaro,Appartement,1720000.0,104.07,16527.0,4,75006
lefigaro,Appartement,740000.0,66.0,11212.0,3,75017
lefigaro,Appartement,185000.0,23.0,8043.0,1,75020
lefigaro,Appartement,899000.0,66.6,13498.0,3,75016
lefigaro,Appartement,820000.0,59.0,13898.0,3,75017
lefigaro,Appartement,499000.0,53.3,9362.0,3,75019
lefigaro,Appartement,4950000.0,187.95,26337.0,6,75006
lefigaro,Appartement,349000.0,35.27,9895.0,2,75015
lefigaro,Appartement,480000.0,32.79,14639.0,2,75007
lefigaro,Appartement,148000.0,11.18,13238.0,1,75011
lefigaro,Appartement,475000.0,48.0,9896.0,2,75017
lefigaro,Appartement,240000.0,30.0,8000.0,2,75020
lefigaro,Appartement,320000.0,35.0,9143.0,2,75016
lefigaro,Appartement,260000.0,25.0,10400.0,2,75016
lefigaro,Appartement,8900000.0,383.0,23238.0,8,75016
lefigaro,Appartement,1160000.0,88.38,13125.0,5,75004
lefigaro,Appartement,420000.0,41.12,10214.0,2,75018
lefigaro,Appartement,579600.0,51.0,11365.0,3,75016
lefigaro,Appartement,383000.0,30.15,12703.0,1,75003
lefigaro,Appartement,1290000.0,174.0,7414.0,5,75012
lefigaro,Appartement,199000.0,22.0,9045.0,1,75018
lefigaro,Appartement,1470000.0,111.81,13147.0,4,75008
lefigaro,Appartement,496000.0,45.0,11022.0,2,75001
lefigaro,Appartement,2250000.0,103.0,21845.0,5,75007
lefigaro,Appartement,1070000.0,120.0,8917.0,6,75018
lefigaro,Appartement,375000.0,27.0,13889.0,1,75005
lefigaro,Appartement,385000.0,48.0,8021.0,3,75013
lefigaro,Appartement,995000.0,83.4,11930.0,3,75016
lefigaro,Appartement,695000.0,50.0,13900.0,2,75001
lefigaro,Appartement,498000.0,52.0,9577.0,2,75015
lefigaro,Appartement,1599000.0,138.0,11587.0,7,75015
lefigaro,Appartement,750000.0,46.2,16234.0,2,75008
lefigaro,Appartement,885000.0,71.1,12447.0,3,75012
lefigaro,Appartement,599000.0,67.59,8862.0,4,75014
lefigaro,Appartement,779000.0,52.0,14981.0,2,75003
lefigaro,Appartement,340000.0,31.0,10968.0,2,75018
lefigaro,Appartement,1092000.0,89.0,12270.0,4,75016
lefigaro,Appartement,1840000.0,108.0,17037.0,4,75005
lefigaro,Appartement,790000.0,68.5,11533.0,3,75005
lefigaro,Appartement,499000.0,52.0,9596.0,2,75011
lefigaro,Appartement,534000.0,39.0,13692.0,3,75004
lefigaro,Appartement,90000.0,12.0,7500.0,1,75010
lefigaro,Appartement,1399000.0,106.78,13102.0,4,75009
lefigaro,Appartement,485000.0,46.68,10390.0,3,75018
lefigaro,Appartement,365000.0,32.5,11231.0,1,75015
lefigaro,Appartement,1450000.0,152.0,9539.0,8,75016
lefigaro,Appartement,575000.0,51.0,11275.0,3,75012
lefigaro,Appartement,365000.0,31.0,11774.0,2,75017
lefigaro,Appartement,2100000.0,121.84,17236.0,4,75015
lefigaro,Appartement,345000.0,44.56,7742.0,2,75010
lefigaro,Appartement,1790000.0,130.0,13769.0,4,75016
lefigaro,Appartement,2350000.0,125.0,18800.0,5,75007
lefigaro,Appartement,230000.0,25.0,9200.0,1,75017
lefigaro,Appartement,345000.0,44.56,7742.0,2,75019
lefigaro,Appartement,332300.0,31.77,10460.0,1,75019
lefigaro,Appartement,599000.0,52.0,11519.0,2,75011
lefigaro,Appartement,1170000.0,99.83,11720.0,3,75016
lefigaro,Appartement,632000.0,54.1,11682.0,2,75012
lefigaro,Appartement,445000.0,49.81,8934.0,3,75015
lefigaro,Appartement,1190000.0,106.28,11197.0,5,75016
lefigaro,Maison,3955000.0,221.67,17842.0,11,75005
lefigaro,Appartement,1950000.0,166.16,11736.0,5,75016
lefigaro,Appartement,1290000.0,70.55,18285.0,3,75006
lefigaro,Appartement,550000.0,36.8,14946.0,1,75007
lefigaro,Appartement,875000.0,82.0,10671.0,4,75009
lefigaro,Appartement,1627000.0,110.0,14791.0,4,75015
lefigaro,Appartement,475000.0,49.0,9694.0,2,75015
lefigaro,Appartement,750000.0,44.09,17011.0,2,75002
lefigaro,Appartement,255000.0,18.4,13859.0,1,75011
lefigaro,Appartement,2700000.0,190.5,14173.0,6,75016
lefigaro,Appartement,865000.0,75.0,11533.0,4,75015
lefigaro,Appartement,550000.0,70.0,7857.0,4,75019
lefigaro,Appartement,745000.0,48.93,15226.0,3,75004
lefigaro,Appartement,790000.0,68.5,11533.0,3,75013
lefigaro,Appartement,270000.0,31.0,8710.0,2,75018
lefigaro,Appartement,1370000.0,73.18,18721.0,3,75007
lefigaro,Appartement,670000.0,74.0,9054.0,3,75020
lefigaro,Appartement,990000.0,117.0,8462.0,5,75010
lefigaro,Appartement,395000.0,50.0,7900.0,2,75015
lefigaro,Maison,870000.0,64.09,13575.0,3,75017
lefigaro,Appartement,2850000.0,135.0,21111.0,5,75015
lefigaro,Appartement,432000.0,43.6,9908.0,2,75018
lefigaro,Appartement,1240000.0,92.0,13478.0,5,75005
lefigaro,Appartement,1050000.0,100.02,10498.0,5,75016
lefigaro,Appartement,459000.0,42.0,10929.0,2,75004
lefigaro,Appartement,185000.0,20.0,9250.0,2,75011
lefigaro,Appartement,1400000.0,93.0,15054.0,4,75016
lefigaro,Appartement,1000000.0,76.0,13158.0,4,75015
lefigaro,Appartement,1070000.0,97.34,10992.0,3,75016
lefigaro,Appartement,999000.0,77.0,12974.0,3,75016
lefigaro,Appartement,485000.0,60.0,8083.0,3,75020
lefigaro,Appartement,940000.0,66.02,14238.0,3,75016
lefigaro,Appartement,1050000.0,81.0,12963.0,4,75018
lefigaro,Appartement,735000.0,87.0,8448.0,4,75015
lefigaro,Appartement,525000.0,37.61,13959.0,2,75005
lefigaro,Appartement,424000.0,45.0,9422.0,3,75014
lefigaro,Appartement,330000.0,26.25,12571.0,1,75006
lefigaro,Appartement,480000.0,51.0,9412.0,3,75017
lefigaro,Appartement,700000.0,54.0,12963.0,2,75004
lefigaro,Appartement,355500.0,38.05,9343.0,3,75015
lefigaro,Appartement,325000.0,28.82,11277.0,2,75016
lefigaro,Appartement,728000.0,85.0,8565.0,3,75016
lefigaro,Appartement,580000.0,60.0,9667.0,2,75011
lefigaro,Appartement,1100000.0,138.0,7971.0,5,75003
lefigaro,Appartement,1890000.0,155.65,12143.0,6,75009
lefigaro,Appartement,1100000.0,138.0,7971.0,5,75011
lefigaro,Appartement,259000.0,18.5,14000.0,1,75016
lefigaro,Appartement,1087000.0,100.0,10870.0,4,75004
lefigaro,Appartement,920000.0,79.0,11646.0,3,75016
lefigaro,Appartement,568000.0,56.0,10143.0,3,75015
lefigaro,Appartement,1249000.0,115.0,10861.0,5,75012
lefigaro,Appartement,420000.0,48.0,8750.0,2,75015
lefigaro,Appartement,740000.0,56.06,13200.0,3,75018
lefigaro,Appartement,920000.0,54.62,16844.0,2,75003
lefigaro,Appartement,659000.0,73.0,9027.0,4,75014
lefigaro,Appartement,1750000.0,139.0,12590.0,6,75010
lefigaro,Appartement,3700000.0,182.0,20330.0,5,75016
lefigaro,Appartement,475000.0,49.0,9694.0,3,75015
lefigaro,Appartement,2045000.0,127.0,16102.0,5,75015
lefigaro,Appartement,495000.0,59.0,8390.0,3,75010
lefigaro,Appartement,422000.0,42.0,10048.0,2,75018
lefigaro,Appartement,980000.0,78.0,12564.0,3,75018
lefigaro,Appartement,700000.0,78.95,8866.0,4,75018
lefigaro,Appartement,2995000.0,110.31,27151.0,5,75004
lefigaro,Appartement,980000.0,68.72,14261.0,2,75003
lefigaro,Appartement,430000.0,32.31,13309.0,2,75004
lefigaro,Appartement,494000.0,54.0,9148.0,2,75018
lefigaro,Appartement,525000.0,70.0,7500.0,3,75012
lefigaro,Appartement,1500000.0,90.02,16663.0,4,75015
lefigaro,Appartement,845000.0,87.0,9713.0,4,75004
lefigaro,Appartement,350000.0,33.8,10355.0,2,75015
lefigaro,Appartement,528000.0,60.4,8742.0,3,75019
lefigaro,Appartement,780000.0,47.15,16543.0,2,75016
lefigaro,Appartement,388000.0,44.0,8818.0,2,75014
lefigaro,Appartement,630000.0,63.34,9946.0,3,75009
lefigaro,Appartement,1425000.0,83.06,17156.0,3,75016
lefigaro,Appartement,344000.0,33.0,10424.0,2,75020
lefigaro,Appartement,1210000.0,117.0,10342.0,4,75009
lefigaro,Appartement,630000.0,61.67,10216.0,3,75018
lefigaro,Appartement,183000.0,16.0,11438.0,1,75020
lefigaro,Appartement,1995000.0,181.0,11022.0,5,75006
lefigaro,Appartement,995000.0,72.02,13816.0,3,75012
lefigaro,Appartement,775000.0,75.0,10333.0,3,75018
lefigaro,Appartement,275000.0,47.0,5851.0,2,75018
lefigaro,Appartement,370000.0,36.0,10278.0,2,75014
lefigaro,Appartement,497000.0,49.5,10040.0,2,75016
lefigaro,Appartement,130000.0,10.5,12381.0,1,75017
lefigaro,Appartement,235000.0,22.26,10557.0,1,75018
lefigaro,Appartement,1180000.0,94.0,12553.0,4,75016
lefigaro,Appartement,604200.0,66.33,9109.0,3,75013
lefigaro,Appartement,745000.0,58.89,12651.0,3,75007
lefigaro,Appartement,1260000.0,91.31,13799.0,4,75016
lefigaro,Appartement,358000.0,32.0,11188.0,2,75015
lefigaro,Appartement,1570000.0,55.0,28545.0,3,75007
lefigaro,Appartement,2250000.0,133.0,16917.0,4,75008
lefigaro,Appartement,660000.0,53.15,12418.0,3,75018
lefigaro,Appartement,1290000.0,99.0,13030.0,4,75016
lefigaro,Appartement,335000.0,56.0,5982.0,2,75020
lefigaro,Appartement,569000.0,81.9,6947.0,4,75018
lefigaro,Appartement,840000.0,45.0,18667.0,2,75006
lefigaro,Appartement,975000.0,88.69,10993.0,4,75015
lefigaro,Appartement,649000.0,60.0,10817.0,3,75014
lefigaro,Appartement,467000.0,60.0,7783.0,2,75016
lefigaro,Appartement,850000.0,100.2,8483.0,4,75010
lefigaro,Appartement,714000.0,49.0,14571.0,2,75006
lefigaro,Appartement,735000.0,76.0,9671.0,4,75017
lefigaro,Appartement,335000.0,25.0,13400.0,2,75003
lefigaro,Appartement,663000.0,66.0,10045.0,4,75018
lefigaro,Appartement,723000.0,78.0,9269.0,3,75016
lefigaro,Appartement,760000.0,66.0,11515.0,2,75017
lefigaro,Appartement,490000.0,38.0,12895.0,2,75010
lefigaro,Appartement,1072000.0,82.0,13073.0,4,75015
lefigaro,Appartement,500000.0,50.0,10000.0,2,75012
lefigaro,Appartement,725000.0,70.0,10357.0,3,75012
lefigaro,Appartement,235000.0,27.0,8704.0,2,75010
lefigaro,Appartement,1450000.0,121.0,11983.0,5,75012
lefigaro,Appartement,379000.0,41.0,9244.0,2,75020
lefigaro,Appartement,884000.0,72.41,12208.0,4,75009
lefigaro,Appartement,346500.0,35.5,9761.0,2,75012
lefigaro,Appartement,199000.0,21.09,9436.0,1,75013
lefigaro,Appartement,1765000.0,118.46,14900.0,4,75007
lefigaro,Appartement,1695750.0,99.8,16991.0,3,75007
lefigaro,Appartement,540000.0,58.0,9310.0,2,75015
lefigaro,Appartement,217000.0,17.0,12765.0,1,75004
lefigaro,Appartement,730000.0,96.0,7604.0,5,75018
lefigaro,Appartement,2290000.0,172.18,13300.0,5,75008
lefigaro,Appartement,475000.0,40.51,11725.0,2,75011
lefigaro,Appartement,499000.0,31.0,16097.0,2,75001
lefigaro,Appartement,90000.0,28.0,3214.0,1,75015
lefigaro,Appartement,360000.0,32.03,11239.0,1,75016
lefigaro,Appartement,895000.0,100.0,8950.0,5,75017
lefigaro,Appartement,1090000.0,106.0,10283.0,5,75020
lefigaro,Appartement,1440000.0,117.0,12308.0,5,75015
lefigaro,Appartement,915000.0,90.0,10167.0,4,75015
lefigaro,Appartement,1140000.0,105.0,10857.0,4,75012
lefigaro,Appartement,569000.0,47.0,12106.0,2,75016
lefigaro,Appartement,680000.0,73.0,9315.0,3,75016
lefigaro,Appartement,2280000.0,149.0,15302.0,5,75016
lefigaro,Appartement,599000.0,75.0,7987.0,4,75014
lefigaro,Appartement,320000.0,26.15,12237.0,1,75016
lefigaro,Appartement,415000.0,50.0,8300.0,2,75015
lefigaro,Appartement,379000.0,40.0,9475.0,2,75015
lefigaro,Appartement,3490000.0,170.0,20529.0,7,75006
lefigaro,Appartement,127200.0,10.53,12080.0,1,75016
lefigaro,Appartement,449500.0,41.23,10902.0,2,75011
lefigaro,Appartement,1900000.0,150.97,12585.0,5,75005
lefigaro,Appartement,420000.0,32.2,13043.0,2,75003
lefigaro,Appartement,382000.0,39.0,9795.0,1,75018
lefigaro,Appartement,1295000.0,80.0,16188.0,3,75007
lefigaro,Appartement,429000.0,48.0,8938.0,3,75017
lefigaro,Appartement,485000.0,49.0,9898.0,2,75011
lefigaro,Appartement,839000.0,52.72,15914.0,2,75007
lefigaro,Appartement,1450000.0,115.0,12609.0,3,75006
lefigaro,Maison,790000.0,65.0,12154.0,3,75013
lefigaro,Appartement,455000.0,31.14,14611.0,1,75004
lefigaro,Appartement,640000.0,30.78,20793.0,1,75006
lefigaro,Appartement,119000.0,13.0,9154.0,1,75011
lefigaro,Appartement,159000.0,11.0,14455.0,1,75014
lefigaro,Appartement,483000.0,43.87,11010.0,1,75004
lefigaro,Appartement,237000.0,22.83,10381.0,2,75015
lefigaro,Appartement,525000.0,42.65,12309.0,2,75016
lefigaro,Appartement,970000.0,70.0,13857.0,3,75015
lefigaro,Appartement,760000.0,63.0,12063.0,2,75007
lefigaro,Appartement,165000.0,16.07,10268.0,1,75015
lefigaro,Appartement,1995000.0,89.8,22216.0,3,75007
lefigaro,Appartement,760000.0,70.0,10857.0,3,75016
lefigaro,Appartement,1298000.0,124.0,10468.0,6,75014
lefigaro,Appartement,1495000.0,116.33,12851.0,4,75015
lefigaro,Appartement,480000.0,35.0,13714.0,2,75009
lefigaro,Appartement,1144000.0,114.95,9952.0,3,75008
lefigaro,Appartement,262000.0,32.0,8188.0,2,75015
lefigaro,Appartement,600000.0,56.04,10707.0,2,75009
lefigaro,Appartement,510000.0,34.05,14978.0,2,75016
lefigaro,Appartement,1092000.0,57.64,18945.0,2,75006
lefigaro,Appartement,475000.0,43.31,10967.0,2,75012
lefigaro,Appartement,599000.0,45.0,13311.0,2,75006
lefigaro,Appartement,546000.0,60.0,9100.0,3,75018
lefigaro,Appartement,619000.0,92.0,6728.0,4,75019
lefigaro,Appartement,2490000.0,215.54,11552.0,7,75008
lefigaro,Appartement,478000.0,38.0,12579.0,2,75016
lefigaro,Appartement,890000.0,101.0,8812.0,5,75020
lefigaro,Appartement,740000.0,66.0,11212.0,3,75017
lefigaro,Appartement,325000.0,42.0,7738.0,2,75018
lefigaro,Appartement,202000.0,26.85,7523.0,2,75012
lefigaro,Appartement,412000.0,34.3,12012.0,2,75011
lefigaro,Appartement,745000.0,60.0,12417.0,2,75016
lefigaro,Appartement,150000.0,16.0,9375.0,1,75020
lefigaro,Appartement,870000.0,66.03,13176.0,3,75001
lefigaro,Appartement,1890000.0,155.65,12143.0,6,75010
lefigaro,Appartement,315000.0,35.0,9000.0,2,75015
lefigaro,Appartement,375000.0,44.0,8523.0,2,75013
lefigaro,Appartement,500000.0,42.26,11832.0,2,75005
lefigaro,Appartement,1190000.0,58.02,20510.0,2,75006
lefigaro,Appartement,695000.0,80.0,8688.0,3,75015
lefigaro,Appartement,590000.0,65.24,9044.0,3,75016
lefigaro,Appartement,108000.0,12.0,9000.0,1,75015
lefigaro,Appartement,375000.0,42.65,8792.0,3,75016
lefigaro,Appartement,1460000.0,168.0,8690.0,7,75017
lefigaro,Appartement,590000.0,59.0,10000.0,3,75018
lefigaro,Appartement,689000.0,86.0,8012.0,4,75019
lefigaro,Appartement,1099000.0,70.67,15551.0,3,75006
lefigaro,Appartement,373000.0,50.0,7460.0,3,75018
lefigaro,Appartement,710000.0,77.39,9174.0,3,75015
lefigaro,Appartement,2499000.0,180.0,13883.0,5,75009
lefigaro,Appartement,670000.0,53.0,12642.0,2,75002
lefigaro,Appartement,1000000.0,102.0,9804.0,6,75019
lefigaro,Appartement,854000.0,93.04,9179.0,4,75012
lefigaro,Appartement,835000.0,72.84,11463.0,3,75003
lefigaro,Appartement,699500.0,49.24,14206.0,2,75002
lefigaro,Appartement,759000.0,56.57,13417.0,2,75015
lefigaro,Appartement,315000.0,22.83,13798.0,1,75004
lefigaro,Appartement,560000.0,60.0,9333.0,3,75014
lefigaro,Appartement,1200000.0,93.0,12903.0,4,75011
lefigaro,Appartement,1095000.0,60.01,18247.0,2,75006
lefigaro,Appartement,1025000.0,73.0,14041.0,2,75006
lefigaro,Appartement,4968000.0,290.0,17131.0,8,75017
lefigaro,Appartement,1650000.0,144.0,11458.0,6,75008
lefigaro,Appartement,375000.0,38.0,9868.0,2,75020
lefigaro,Appartement,288000.0,25.4,11339.0,2,75015
lefigaro,Appartement,750000.0,46.0,16304.0,2,75008
lefigaro,Appartement,644800.0,49.04,13148.0,2,75003
lefigaro,Appartement,1390000.0,145.0,9586.0,6,75011
lefigaro,Appartement,1100000.0,75.11,14645.0,3,75007
lefigaro,Appartement,729000.0,84.02,8677.0,5,75010
lefigaro,Appartement,2785000.0,195.77,14226.0,6,75009
lefigaro,Appartement,795000.0,60.66,13106.0,2,75003
lefigaro,Appartement,1299000.0,131.0,9916.0,5,75017
lefigaro,Appartement,109000.0,12.56,8678.0,1,75015
lefigaro,Appartement,2995000.0,86.59,34588.0,5,75004
lefigaro,Appartement,462000.0,29.0,15931.0,1,75016
orpi,Appartement,439000.0,46.0,9523.0,2,75014
orpi,Appartement,266475.0,28.0,9620.0,1,75013
orpi,Appartement,335000.0,30.0,11167.0,2,75020
orpi,Appartement,245000.0,29.0,8311.0,2,75020
orpi,Appartement,320000.0,31.0,10319.0,2,75020
orpi,Appartement,625000.0,60.0,10399.0,3,75015
orpi,Appartement,149000.0,14.0,11037.0,1,75002
orpi,Appartement,393000.0,40.0,9899.0,2,75013
orpi,Appartement,330000.0,36.0,9167.0,2,75010
orpi,Maison,950000.0,72.0,13229.0,3,75012
orpi,Appartement,670000.0,76.0,8779.0,4,75013
orpi,Appartement,399000.0,46.0,8674.0,2,75015
orpi,Appartement,505000.0,60.0,8486.0,2,75013
orpi,Appartement,118000.0,10.0,11479.0,1,75010
orpi,Appartement,343000.0,34.0,10178.0,2,75020
orpi,Appartement,997500.0,122.0,8198.0,6,75015
orpi,Appartement,892500.0,110.0,8098.0,6,75016
orpi,Appartement,669000.0,72.0,9316.0,4,75015
orpi,Appartement,630000.0,71.0,8836.0,3,75015
orpi,Appartement,572000.0,46.0,12338.0,2,75016
orpi,Appartement,347500.0,44.0,7970.0,2,75015
orpi,Appartement,339000.0,32.0,10541.0,1,75015
orpi,Appartement,212000.0,23.0,9060.0,1,75015
orpi,Appartement,186000.0,18.0,10538.0,1,75015
orpi,Appartement,90000.0,9.0,10429.0,1,75006
orpi,Appartement,1045000.0,128.0,8196.0,5,75013
orpi,Appartement,195000.0,25.0,7800.0,1,75017
orpi,Appartement,484000.0,50.0,9680.0,2,75014
orpi,Appartement,299000.0,34.0,8836.0,2,75013
orpi,Appartement,649000.0,35.0,18501.0,2,75001
orpi,Appartement,484000.0,47.0,10298.0,2,75015
orpi,Appartement,665000.0,58.0,11436.0,3,75014
orpi,Appartement,599900.0,71.0,8509.0,4,75010
orpi,Appartement,1260000.0,81.0,15594.0,3,75006
orpi,Appartement,412000.0,40.0,10290.0,2,75010
orpi,Appartement,340000.0,37.0,9272.0,1,75005
orpi,Appartement,525000.0,72.0,7271.0,3,75013
orpi,Appartement,156000.0,20.0,7753.0,1,75020
orpi,Appartement,120000.0,12.0,9909.0,1,75020
orpi,Appartement,198000.0,32.0,6178.0,2,75018
orpi,Appartement,775000.0,71.0,10934.0,2,75017
orpi,Appartement,345000.0,43.0,8118.0,2,75017
orpi,Appartement,199900.0,24.0,8277.0,2,75019
orpi,Appartement,242000.0,28.0,8643.0,1,75018
orpi,Appartement,389000.0,40.0,9641.0,1,75016
orpi,Appartement,439000.0,40.0,10850.0,2,75009
orpi,Appartement,271700.0,31.0,8859.0,1,75012
orpi,Appartement,385000.0,39.0,9995.0,2,75013
orpi,Appartement,507000.0,55.0,9218.0,3,75017
orpi,Appartement,369900.0,59.0,6276.0,2,75018
orpi,Appartement,160000.0,12.0,13333.0,1,75003
orpi,Appartement,445000.0,48.0,9327.0,2,75019
orpi,Appartement,2450000.0,183.0,13388.0,4,75010
orpi,Appartement,298000.0,25.0,11793.0,2,75016
orpi,Appartement,174000.0,20.0,8622.0,1,75013
orpi,Appartement,399000.0,45.0,8962.0,2,75005
orpi,Appartement,180000.0,19.0,9590.0,2,75018
orpi,Appartement,472000.0,44.0,10816.0,2,75005
orpi,Appartement,390000.0,50.0,7774.0,2,75013
orpi,Appartement,294000.0,38.0,7674.0,1,75013
orpi,Appartement,165000.0,17.0,9565.0,1,75013
orpi,Appartement,194750.0,21.0,9327.0,1,75017
orpi,Appartement,185000.0,19.0,9516.0,1,75013
orpi,Appartement,272000.0,35.0,7771.0,2,75018
orpi,Appartement,698000.0,76.0,9170.0,3,75019
orpi,Appartement,119000.0,13.0,9490.0,1,75011
orpi,Appartement,690000.0,81.0,8508.0,4,75020
orpi,Appartement,825000.0,92.0,8967.0,4,75014
orpi,Appartement,335000.0,38.0,8765.0,3,75018
orpi,Appartement,722400.0,73.0,9926.0,3,75020
orpi,Appartement,899000.0,93.0,9646.0,4,75020
orpi,Appartement,399000.0,40.0,9893.0,2,75020
orpi,Appartement,149900.0,14.0,10374.0,1,75020
orpi,Maison,790000.0,58.0,13699.0,3,75013
orpi,Appartement,232000.0,25.0,9276.0,2,75011
orpi,Appartement,449500.0,45.0,9989.0,2,75014
orpi,Appartement,466000.0,40.0,11700.0,3,75015
orpi,Appartement,450000.0,35.0,12712.0,2,75005
orpi,Appartement,262000.0,32.0,8127.0,2,75015
orpi,Appartement,316000.0,33.0,9570.0,2,75013
orpi,Appartement,572000.0,62.0,9280.0,3,75013
orpi,Appartement,549000.0,58.0,9466.0,3,75018
orpi,Appartement,425000.0,30.0,13953.0,2,75006
orpi,Appartement,480000.0,46.0,10401.0,3,75020
orpi,Appartement,199500.0,20.0,9847.0,1,75010
orpi,Appartement,205000.0,25.0,8313.0,1,75019
orpi,Appartement,724500.0,55.0,13082.0,3,75002
orpi,Appartement,485000.0,45.0,10671.0,2,75015
orpi,Appartement,315675.0,35.0,9124.0,2,75012
orpi,Appartement,940000.0,92.0,10203.0,4,75012
orpi,Appartement,343000.0,44.0,7760.0,2,75018
orpi,Appartement,343000.0,44.0,7760.0,2,75010
orpi,Appartement,316000.0,45.0,7050.0,2,75019
orpi,Appartement,500000.0,60.0,8322.0,3,75010
orpi,Appartement,400000.0,42.0,9569.0,2,75012
orpi,Appartement,280000.0,29.0,9739.0,2,75018
orpi,Appartement,99500.0,13.0,7549.0,1,75019
orpi,Appartement,350000.0,38.0,9096.0,2,75018
orpi,Appartement,525000.0,61.0,8574.0,3,75017
orpi,Appartement,174000.0,17.0,10146.0,2,75011
orpi,Appartement,257000.0,22.0,11893.0,1,75005
orpi,Appartement,348000.0,29.0,11873.0,2,75011
orpi,Appartement,980000.0,98.0,10000.0,4,75020
orpi,Appartement,409000.0,41.0,9976.0,2,75012
orpi,Appartement,675000.0,75.0,8959.0,3,75011
orpi,Appartement,478000.0,52.0,9169.0,2,75013
orpi,Appartement,1076000.0,96.0,11254.0,4,75015
orpi,Appartement,340000.0,35.0,9821.0,2,75018
orpi,Appartement,315000.0,26.0,11991.0,2,75011
orpi,Appartement,460000.0,39.0,11902.0,2,75017
orpi,Appartement,650000.0,57.0,11404.0,3,75011
orpi,Appartement,496000.0,53.0,9419.0,2,75010
orpi,Appartement,253000.0,30.0,8433.0,1,75020
orpi,Appartement,274900.0,20.0,13522.0,2,75004
orpi,Appartement,770000.0,87.0,8851.0,4,75019
orpi,Appartement,310000.0,31.0,9917.0,1,75017
orpi,Appartement,347000.0,42.0,8223.0,2,75020
orpi,Appartement,1347000.0,103.0,13078.0,4,75009
orpi,Appartement,346500.0,33.0,10387.0,2,75011
orpi,Appartement,430000.0,54.0,7963.0,2,75020
orpi,Appartement,469000.0,53.0,8841.0,2,75020
orpi,Appartement,210000.0,27.0,7892.0,1,75019
orpi,Appartement,865000.0,97.0,8918.0,4,75020
orpi,Appartement,120000.0,18.0,6853.0,1,75018
orpi,Appartement,420000.0,37.0,11501.0,2,75010
orpi,Appartement,560000.0,80.0,7000.0,4,75019
orpi,Appartement,549000.0,48.0,11558.0,2,75011
orpi,Appartement,459000.0,61.0,7574.0,2,75012
orpi,Appartement,357000.0,30.0,11900.0,2,75011
orpi,Appartement,150000.0,18.0,8260.0,1,75019
orpi,Appartement,483000.0,52.0,9278.0,3,75020
orpi,Appartement,262000.0,25.0,10480.0,1,75015
orpi,Appartement,195000.0,21.0,9335.0,1,75020
orpi,Appartement,849500.0,73.0,11635.0,3,75011
orpi,Appartement,565000.0,64.0,8868.0,3,75014
orpi,Appartement,375000.0,60.0,6229.0,3,75018
orpi,Appartement,970000.0,108.0,8981.0,4,75020
orpi,Appartement,2800000.0,205.0,13659.0,5,75006
orpi,Appartement,299000.0,27.0,11148.0,2,75011
orpi,Appartement,184000.0,22.0,8333.0,1,75014
orpi,Appartement,185000.0,21.0,9016.0,2,75020
orpi,Appartement,215000.0,27.0,7963.0,2,75019
orpi,Appartement,375000.0,38.0,9843.0,2,75020
orpi,Appartement,450000.0,42.0,10664.0,2,75020
orpi,Appartement,510000.0,63.0,8095.0,3,75018
orpi,Appartement,590000.0,58.0,10243.0,3,75012
orpi,Appartement,729000.0,56.0,13018.0,3,75002
orpi,Appartement,273000.0,32.0,8499.0,2,75018
orpi,Appartement,269000.0,39.0,6978.0,2,75019
orpi,Appartement,300000.0,26.0,11538.0,2,75011
orpi,Appartement,556500.0,53.0,10540.0,2,75012
orpi,Appartement,825000.0,78.0,10546.0,3,75005
orpi,Appartement,435750.0,62.0,7028.0,3,75019
orpi,Appartement,990000.0,87.0,11338.0,4,75011
orpi,Appartement,398000.0,36.0,11040.0,2,75019
orpi,Appartement,220000.0,27.0,8148.0,2,75019
orpi,Appartement,225000.0,26.0,8637.0,1,75014
orpi,Appartement,898700.0,110.0,8170.0,5,75013
orpi,Appartement,400000.0,43.0,9335.0,2,75018
orpi,Appartement,157900.0,16.0,10057.0,1,75019
orpi,Appartement,655000.0,62.0,10529.0,3,75011
orpi,Appartement,925000.0,110.0,8379.0,5,75014
orpi,Appartement,391000.0,54.0,7237.0,3,75013
orpi,Appartement,925000.0,64.0,14510.0,3,75012
orpi,Appartement,215000.0,23.0,9295.0,1,75019
orpi,Appartement,269000.0,25.0,10653.0,1,75009
orpi,Appartement,606900.0,60.0,10081.0,3,75014
orpi,Appartement,805000.0,85.0,9503.0,4,75011
orpi,Appartement,545000.0,50.0,10846.0,3,75015
orpi,Appartement,225000.0,22.0,10321.0,1,75011
orpi,Appartement,615500.0,69.0,8880.0,3,75011
orpi,Appartement,299000.0,39.0,7716.0,2,75018
orpi,Appartement,375000.0,38.0,9923.0,2,75017
orpi,Appartement,549000.0,51.0,10824.0,2,75005
orpi,Appartement,135000.0,10.0,13706.0,1,75014
orpi,Appartement,645000.0,68.0,9456.0,3,75020
orpi,Appartement,790000.0,106.0,7453.0,4,75020
orpi,Appartement,2990000.0,200.0,14950.0,7,75005
orpi,Appartement,682000.0,56.0,12137.0,2,75014
orpi,Appartement,388000.0,37.0,10621.0,2,75009
orpi,Appartement,180000.0,17.0,10651.0,1,75011
orpi,Appartement,210000.0,17.0,12353.0,1,75010
orpi,Appartement,305000.0,32.0,9585.0,2,75019
orpi,Appartement,345000.0,38.0,9065.0,2,75015
orpi,Appartement,350000.0,40.0,8861.0,2,75017
orpi,Appartement,690000.0,66.0,10455.0,3,75010
orpi,Appartement,449000.0,46.0,9761.0,3,75014
orpi,Appartement,570000.0,66.0,8617.0,2,75010
orpi,Appartement,735000.0,52.0,14027.0,2,75006
orpi,Appartement,239000.0,16.0,15360.0,1,75005
orpi,Appartement,115000.0,15.0,7651.0,1,75010
orpi,Appartement,325000.0,25.0,13000.0,2,75001
orpi,Appartement,1049000.0,90.0,11672.0,4,75005
orpi,Maison,334000.0,32.0,10566.0,2,75015
orpi,Appartement,380000.0,31.0,12398.0,1,75013
orpi,Appartement,255000.0,28.0,9229.0,2,75018
orpi,Appartement,399000.0,19.0,20978.0,1,75007
orpi,Appartement,1700000.0,110.0,15507.0,5,75006
orpi,Appartement,600000.0,66.0,9025.0,4,75013
orpi,Appartement,799000.0,70.0,11400.0,2,75005
orpi,Appartement,260000.0,36.0,7222.0,2,75019
orpi,Appartement,1700000.0,110.0,15507.0,4,75006
orpi,Appartement,269000.0,29.0,9228.0,2,75019
orpi,Appartement,1196000.0,95.0,12568.0,4,75012
orpi,Appartement,620000.0,58.0,10764.0,3,75012
orpi,Appartement,349500.0,43.0,8174.0,2,75013
orpi,Appartement,299000.0,35.0,8506.0,2,75019
orpi,Appartement,130000.0,10.0,13684.0,1,75014
orpi,Appartement,708000.0,70.0,10100.0,3,75011
orpi,Appartement,350000.0,53.0,6604.0,2,75018
orpi,Appartement,95000.0,9.0,10497.0,1,75012
orpi,Appartement,290000.0,40.0,7250.0,2,75018
orpi,Appartement,819520.0,77.0,10664.0,5,75011
orpi,Appartement,154000.0,13.0,11846.0,1,75020
orpi,Appartement,628000.0,80.0,7844.0,4,75013
orpi,Appartement,155000.0,14.0,10915.0,1,75009
orpi,Appartement,631000.0,61.0,10337.0,3,75020
orpi,Appartement,388500.0,38.0,10197.0,2,75020
orpi,Appartement,682000.0,56.0,12137.0,3,75014
orpi,Appartement,580000.0,63.0,9173.0,3,75012
orpi,Appartement,349900.0,41.0,8534.0,2,75019
orpi,Appartement,315000.0,36.0,8750.0,2,75015
orpi,Appartement,630000.0,50.0,12600.0,3,75015
orpi,Appartement,95000.0,11.0,8636.0,1,75019
orpi,Appartement,315000.0,41.0,7605.0,2,75020
orpi,Appartement,85000.0,10.0,8500.0,1,75019
orpi,Appartement,131000.0,16.0,8177.0,1,75018
orpi,Appartement,815000.0,76.0,10724.0,3,75011
orpi,Appartement,332000.0,42.0,8000.0,2,75020
orpi,Appartement,735000.0,66.0,11136.0,3,75011
orpi,Appartement,299000.0,21.0,14051.0,1,75006
orpi,Appartement,699000.0,104.0,6744.0,4,75019
orpi,Appartement,625000.0,67.0,9321.0,3,75020
orpi,Appartement,665600.0,84.0,7957.0,3,75020
orpi,Appartement,165000.0,13.0,12644.0,1,75011
orpi,Appartement,472000.0,43.0,10939.0,3,75009
orpi,Appartement,478000.0,51.0,9340.0,2,75020
orpi,Appartement,670000.0,91.0,7363.0,4,75019
orpi,Maison,1193000.0,102.0,11721.0,5,75011
orpi,Appartement,210000.0,18.0,11475.0,1,75019
orpi,Appartement,1100000.0,84.0,13095.0,4,75006
orpi,Appartement,590000.0,80.0,7420.0,4,75020
orpi,Appartement,170000.0,18.0,9234.0,1,75012
orpi,Appartement,560000.0,55.0,10210.0,3,75010
orpi,Appartement,456000.0,140.0,3257.0,3,75019
orpi,Appartement,328600.0,36.0,9251.0,2,75020
orpi,Appartement,630000.0,79.0,7937.0,4,75010
orpi,Appartement,556000.0,88.0,6315.0,4,75019
orpi,Appartement,685000.0,63.0,10873.0,3,75011
orpi,Appartement,590000.0,80.0,7420.0,3,75020
orpi,Appartement,325000.0,44.0,7336.0,2,75020
orpi,Appartement,599000.0,66.0,9076.0,2,75013
orpi,Appartement,695000.0,80.0,8731.0,4,75020
orpi,Appartement,135000.0,10.0,14063.0,1,75016
orpi,Appartement,499000.0,50.0,9980.0,2,75011
orpi,Appartement,145000.0,17.0,8529.0,1,75020
orpi,Appartement,540000.0,50.0,10800.0,3,75017
orpi,Appartement,378000.0,41.0,9242.0,2,75019
orpi,Appartement,690000.0,70.0,9857.0,4,75011
orpi,Appartement,179000.0,21.0,8524.0,2,75017
orpi,Appartement,892500.0,89.0,9991.0,4,75020
orpi,Appartement,729000.0,75.0,9762.0,3,75011
orpi,Appartement,240000.0,25.0,9600.0,2,75010
orpi,Appartement,207000.0,22.0,9208.0,1,75011
orpi,Appartement,235000.0,28.0,8393.0,1,75020
orpi,Appartement,1600000.0,134.0,11970.0,5,75011
orpi,Appartement,644000.0,100.0,6440.0,5,75020
orpi,Appartement,245000.0,26.0,9270.0,1,75019
orpi,Appartement,255000.0,26.0,9681.0,2,75019
orpi,Appartement,475000.0,37.0,12838.0,2,75017
orpi,Appartement,99000.0,12.0,8326.0,1,75019
orpi,Appartement,715000.0,81.0,8827.0,5,75010
orpi,Appartement,595000.0,80.0,7481.0,4,75019
orpi,Appartement,545000.0,60.0,9097.0,3,75013
orpi,Appartement,1195000.0,119.0,10020.0,4,75020
orpi,Appartement,185000.0,17.0,10882.0,1,75018
orpi,Appartement,285000.0,34.0,8382.0,2,75019
orpi,Appartement,285000.0,34.0,8382.0,2,75019
orpi,Appartement,309000.0,45.0,6806.0,2,75019
orpi,Appartement,440000.0,42.0,10476.0,2,75011
orpi,Appartement,699500.0,105.0,6637.0,8,75010
orpi,Appartement,645000.0,58.0,11075.0,2,75006
orpi,Appartement,1195000.0,119.0,10020.0,5,75020
orpi,Appartement,279000.0,31.0,8919.0,1,75018
orpi,Appartement,690000.0,43.0,16047.0,2,75016
orpi,Appartement,1151000.0,129.0,8922.0,4,75011
orpi,Appartement,298000.0,28.0,10643.0,2,75018
orpi,Appartement,179999.0,22.0,8193.0,1,75019
orpi,Appartement,556000.0,61.0,9061.0,3,75019
orpi,Appartement,545000.0,72.0,7595.0,3,75014
orpi,Appartement,178000.0,21.0,8476.0,1,75018
orpi,Appartement,384000.0,24.0,16000.0,2,75010
orpi,Appartement,477000.0,32.0,14906.0,1,75003
orpi,Appartement,140000.0,22.0,6332.0,1,75019
orpi,Appartement,499000.0,72.0,6887.0,3,75019
orpi,Appartement,120000.0,15.0,8000.0,1,75010
orpi,Appartement,1300000.0,220.0,5909.0,7,75012
orpi,Appartement,95000.0,12.0,7917.0,1,75010
orpi,Appartement,219000.0,23.0,9522.0,1,75018
orpi,Appartement,265000.0,32.0,8217.0,2,75018
orpi,Appartement,134000.0,11.0,12182.0,1,75017
orpi,Appartement,449000.0,46.0,9844.0,3,75014
orpi,Appartement,349500.0,36.0,9733.0,2,75014
orpi,Appartement,930000.0,83.0,11177.0,4,75015
orpi,Appartement,528000.0,60.0,8740.0,3,75019
orpi,Appartement,331000.0,23.0,14391.0,2,75006
orpi,Appartement,554000.0,56.0,9893.0,3,75014
orpi,Appartement,670000.0,83.0,8050.0,3,75018
orpi,Appartement,900000.0,88.0,10184.0,4,75013
orpi,Appartement,995000.0,108.0,9210.0,4,75013
orpi,Appartement,375000.0,38.0,9868.0,2,75017
orpi,Appartement,780000.0,100.0,7800.0,4,75011
orpi,Appartement,165000.0,18.0,9306.0,1,75018
orpi,Appartement,253000.0,15.0,16867.0,1,75017
orpi,Appartement,549000.0,72.0,7583.0,3,75013
orpi,Appartement,955000.0,93.0,10256.0,5,75015
orpi,Appartement,675000.0,81.0,8302.0,4,75015
orpi,Appartement,390000.0,33.0,11833.0,1,75015
orpi,Appartement,249000.0,25.0,10032.0,1,75015
orpi,Appartement,755000.0,79.0,9557.0,3,75011
orpi,Appartement,549000.0,63.0,8714.0,3,75014
orpi,Appartement,420000.0,55.0,7706.0,2,75020
orpi,Appartement,593000.0,54.0,10981.0,3,75014
orpi,Appartement,255000.0,33.0,7755.0,1,75020
orpi,Appartement,629000.0,79.0,7957.0,4,75019
orpi,Appartement,884000.0,86.0,10222.0,3,75015
orpi,Appartement,1000000.0,124.0,8075.0,6,75011
orpi,Appartement,184000.0,17.0,10824.0,1,75014
orpi,Appartement,799000.0,70.0,11414.0,3,75015
orpi,Maison,824000.0,68.0,12180.0,3,75020
orpi,Appartement,449000.0,62.0,7205.0,2,75010
orpi,Appartement,1300000.0,151.0,8636.0,6,75012
orpi,Appartement,948000.0,81.0,11646.0,3,75013
orpi,Appartement,496000.0,54.0,9104.0,3,75013
orpi,Appartement,252000.0,26.0,9817.0,1,75015
orpi,Appartement,285000.0,40.0,7164.0,2,75018
orpi,Appartement,349000.0,36.0,9585.0,2,75015
orpi,Appartement,299250.0,26.0,11726.0,2,75007
orpi,Appartement,577100.0,60.0,9618.0,2,75020
orpi,Appartement,690000.0,89.0,7746.0,4,75018
orpi,Appartement,339000.0,37.0,9162.0,2,75014
orpi,Appartement,756000.0,73.0,10356.0,3,75014
orpi,Appartement,205000.0,18.0,11504.0,1,75011
orpi,Appartement,633000.0,76.0,8367.0,3,75020
orpi,Appartement,563000.0,73.0,7715.0,3,75020
orpi,Appartement,380000.0,35.0,10857.0,2,75018
orpi,Appartement,390000.0,50.0,7816.0,2,75017
orpi,Appartement,424350.0,41.0,10307.0,3,75017
orpi,Appartement,990000.0,210.0,4712.0,5,75020
orpi,Appartement,1220000.0,127.0,9587.0,5,75010
orpi,Appartement,465000.0,50.0,9276.0,2,75017
orpi,Appartement,760000.0,80.0,9473.0,5,75018
orpi,Appartement,130000.0,10.0,13238.0,1,75017
orpi,Appartement,846000.0,88.0,9653.0,3,75013
orpi,Appartement,182000.0,26.0,7000.0,1,75018
orpi,Appartement,1230000.0,105.0,11714.0,4,75010
orpi,Appartement,460000.0,44.0,10455.0,2,75011
orpi,Appartement,264000.0,27.0,9888.0,1,75012
orpi,Appartement,705000.0,73.0,9658.0,3,75015
orpi,Appartement,1850000.0,124.0,14909.0,4,75016
orpi,Appartement,695000.0,60.0,11491.0,2,75015
orpi,Appartement,575000.0,56.0,10268.0,3,75014
orpi,Appartement,480000.0,65.0,7332.0,3,75018
orpi,Appartement,865000.0,85.0,10176.0,3,75011
orpi,Appartement,325000.0,43.0,7606.0,2,75018
orpi,Appartement,588000.0,73.0,8097.0,4,75019
orpi,Appartement,315000.0,37.0,8484.0,2,75018
orpi,Appartement,1999000.0,136.0,14699.0,4,75003
orpi,Appartement,630000.0,69.0,9154.0,3,75012
orpi,Appartement,416000.0,40.0,10364.0,2,75011
orpi,Appartement,189900.0,23.0,8203.0,2,75019
orpi,Appartement,318000.0,37.0,8595.0,2,75014
orpi,Appartement,450000.0,65.0,6947.0,3,75012
orpi,Appartement,420000.0,54.0,7718.0,3,75009
orpi,Appartement,255000.0,27.0,9372.0,1,75015
orpi,Appartement,1549000.0,120.0,12883.0,5,75016
orpi,Appartement,475000.0,31.0,15472.0,2,75006
orpi,Appartement,250000.0,28.0,9088.0,1,75020
orpi,Appartement,340000.0,41.0,8213.0,1,75011
orpi,Appartement,495000.0,53.0,9340.0,2,75011
orpi,Appartement,212000.0,27.0,7907.0,1,75018
orpi,Appartement,377000.0,24.0,15834.0,1,75001
orpi,Appartement,751000.0,84.0,8986.0,3,75012
orpi,Appartement,310000.0,38.0,8262.0,2,75015
orpi,Appartement,399000.0,35.0,11443.0,2,75012
orpi,Appartement,450000.0,52.0,8637.0,2,75019
orpi,Appartement,765000.0,62.0,12329.0,3,75006
orpi,Appartement,147000.0,14.0,10500.0,1,75011
orpi,Appartement,629000.0,62.0,10101.0,3,75010
orpi,Appartement,230000.0,23.0,10004.0,1,75020
orpi,Appartement,330000.0,26.0,12653.0,1,75015
orpi,Appartement,349000.0,54.0,6437.0,2,75019
orpi,Appartement,287000.0,34.0,8353.0,1,75020
orpi,Appartement,825000.0,81.0,10148.0,4,75020
orpi,Appartement,269000.0,27.0,9930.0,2,75014
orpi,Appartement,847000.0,103.0,8210.0,5,75020
orpi,Appartement,349000.0,36.0,9585.0,2,75015
orpi,Appartement,750000.0,83.0,9025.0,4,75017
orpi,Appartement,249000.0,26.0,9482.0,2,75012
orpi,Appartement,216000.0,24.0,9000.0,2,75011
orpi,Appartement,1300000.0,65.0,20000.0,4,75006
orpi,Appartement,364000.0,35.0,10356.0,2,75011
orpi,Appartement,167000.0,11.0,15182.0,1,75006
orpi,Appartement,309000.0,32.0,9525.0,2,75018
orpi,Appartement,929000.0,61.0,15230.0,3,75001
orpi,Appartement,460000.0,41.0,11297.0,2,75011
orpi,Appartement,239000.0,27.0,8978.0,2,75010
orpi,Appartement,393000.0,39.0,10077.0,2,75011
orpi,Appartement,624000.0,64.0,9727.0,3,75013
orpi,Appartement,1350000.0,103.0,13107.0,5,75001
orpi,Appartement,140000.0,15.0,9333.0,1,75020
orpi,Appartement,549000.0,58.0,9466.0,3,75009
orpi,Appartement,365000.0,66.0,5530.0,3,75018
orpi,Appartement,422000.0,42.0,10055.0,3,75017
orpi,Appartement,1470000.0,147.0,10017.0,5,75011
orpi,Appartement,738000.0,70.0,10543.0,3,75015
orpi,Appartement,290000.0,24.0,11934.0,1,75018
orpi,Appartement,449500.0,55.0,8173.0,2,75014
orpi,Appartement,549000.0,63.0,8781.0,2,75016
orpi,Appartement,576000.0,68.0,8484.0,2,75016
orpi,Appartement,549000.0,54.0,10167.0,3,75010
orpi,Appartement,990000.0,146.0,6804.0,6,75020
orpi,Appartement,479000.0,49.0,9870.0,2,75018
orpi,Appartement,250000.0,27.0,9349.0,2,75018
orpi,Appartement,735000.0,52.0,14027.0,3,75006
orpi,Appartement,550000.0,58.0,9483.0,3,75010
orpi,Appartement,505000.0,40.0,12625.0,2,75017
orpi,Appartement,142000.0,12.0,11833.0,1,75010
orpi,Appartement,289000.0,29.0,10140.0,2,75014
orpi,Appartement,299900.0,50.0,5998.0,2,75020
orpi,Appartement,549585.0,61.0,8974.0,2,75011
orpi,Appartement,2090000.0,117.0,17863.0,5,75016
orpi,Appartement,375000.0,50.0,7514.0,2,75019
orpi,Appartement,468000.0,40.0,11700.0,2,75003
orpi,Appartement,399000.0,44.0,9068.0,3,75010
orpi,Appartement,269000.0,29.0,9150.0,2,75018
orpi,Appartement,469500.0,52.0,9034.0,2,75015
orpi,Appartement,1260000.0,105.0,12000.0,4,75011
orpi,Appartement,299000.0,33.0,9061.0,2,75011
orpi,Appartement,3158000.0,155.0,20341.0,5,75008
orpi,Appartement,1050000.0,112.0,9373.0,5,75011
orpi,Appartement,499000.0,50.0,9962.0,2,75016
orpi,Appartement,690000.0,97.0,7093.0,5,75012
orpi,Appartement,799000.0,110.0,7247.0,4,75020
orpi,Appartement,390000.0,42.0,9264.0,2,75017
orpi,Appartement,265000.0,27.0,9661.0,1,75018
orpi,Appartement,1075000.0,89.0,12017.0,4,75016
orpi,Appartement,520000.0,58.0,9037.0,2,75015
orpi,Appartement,193000.0,16.0,11812.0,1,75011
orpi,Appartement,225000.0,16.0,14133.0,1,75015
orpi,Appartement,699000.0,67.0,10386.0,3,75019
orpi,Maison,1215000.0,75.0,16159.0,2,75014
orpi,Appartement,170000.0,19.0,8749.0,1,75019
orpi,Appartement,175000.0,16.0,10938.0,1,75011
orpi,Appartement,216000.0,23.0,9363.0,1,75020
orpi,Appartement,1495000.0,146.0,10226.0,6,75014
orpi,Appartement,729000.0,100.0,7290.0,4,75019
orpi,Appartement,1199000.0,105.0,11376.0,3,75007
orpi,Appartement,335000.0,38.0,8724.0,3,75018
orpi,Appartement,400000.0,43.0,9302.0,3,75015
orpi,Appartement,2900000.0,178.0,16261.0,5,75006
orpi,Appartement,190000.0,16.0,11845.0,1,75011
plaza,Appartement,180000.0,18.0,10000.0,1,75010
plaza,Appartement,320000.0,28.16,11363.64,1,75011
plaza,Appartement,317000.0,29.89,10605.55,2,75011
plaza,Appartement,265000.0,36.98,7166.04,2,75019
plaza,Appartement,119000.0,11.0,10818.18,1,75020
plaza,Appartement,397000.0,38.0,10447.37,2,75010
plaza,Appartement,687500.0,68.61,10020.41,3,75020
plaza,Appartement,399000.0,45.0,8866.67,2,75019
plaza,Appartement,178000.0,18.55,9595.69,1,75020
plaza,Appartement,279000.0,30.02,9293.8,2,75018
plaza,Appartement,759000.0,80.0,9487.5,3,75017
plaza,Appartement,179000.0,26.12,6852.99,2,75018
plaza,Appartement,435000.0,49.6,8770.16,2,75020
plaza,Appartement,240000.0,28.0,8571.43,1,75018
plaza,Appartement,210000.0,19.68,10670.73,1,75012
plaza,Appartement,600000.0,66.26,9055.24,3,75020
plaza,Appartement,450000.0,41.15,10935.6,2,75019
plaza,Appartement,250000.0,24.58,10170.87,2,75010
plaza,Appartement,255000.0,29.0,8793.1,2,75020
plaza,Appartement,580000.0,79.11,7331.56,4,75020
plaza,Appartement,570000.0,51.91,10980.54,2,75011
plaza,Appartement,520000.0,59.71,8708.76,3,75020
plaza,Appartement,445000.0,46.51,9567.83,3,75020
plaza,Appartement,110000.0,12.0,9166.67,1,75020
plaza,Appartement,529500.0,48.03,11024.36,3,75011
plaza,Appartement,615000.0,73.37,8382.17,4,75020
plaza,Appartement,1890000.0,210.31,8986.73,7,75011
plaza,Appartement,875000.0,70.0,12500.0,4,75010
plaza,Appartement,320000.0,34.79,9198.05,1,75016
plaza,Appartement,285000.0,32.26,8834.47,1,75020
plaza,Appartement,305000.0,37.8,8068.78,1,75020
plaza,Appartement,550000.0,65.15,8442.06,3,75020
plaza,Appartement,346000.0,42.15,8208.78,2,75019
plaza,Appartement,575000.0,96.39,5965.35,4,75019
plaza,Appartement,1045000.0,114.02,9165.06,5,75020
plaza,Appartement,425000.0,46.45,9149.62,2,75020
plaza,Appartement,585000.0,74.4,7862.9,4,75020
plaza,Appartement,770000.0,99.27,7756.62,4,75020
plaza,Appartement,260000.0,28.91,8993.43,2,75020
plaza,Appartement,337000.0,27.0,12481.48,1,75016
plaza,Appartement,270000.0,31.05,8695.65,2,75018
plaza,Appartement,610000.0,60.69,10051.08,3,75020
plaza,Appartement,590000.0,79.11,7457.97,3,75020
plaza,Appartement,139000.0,16.7,8323.35,1,75018
plaza,Appartement,175000.0,12.0,14583.33,1,75008
plaza,Appartement,580000.0,75.3,7702.52,4,75020
plaza,Appartement,421000.0,56.3,7477.8,3,75015
